:020000040800F2
:10000000E8170020A1010008233A0008392E000853
:10001000213A000899070008114B00080000000071
:10002000000000000000000000000000D5400008B3
:100030007D080008000000008D3F0008D740000840
:10004000BB010008BB010008BB010008BB010008A0
:10005000BB010008BB010008BB010008BB01000890
:10006000BB010008BB010008BB010008BB01000880
:100070009D070008BB010008A9070008BB01000894
:10008000B5070008C1070008BB010008BB01000854
:10009000BB010008BB010008BB010008BB01000850
:1000A000BB01000881410008BB010008BB0100083A
:1000B0009D410008A9410008BB010008BB010008E0
:1000C000BB010008BB010008BB010008BB01000820
:1000D000BB010008BB0100081D4A00088D4A00084A
:1000E000BB010008BB010008BB010008BB01000800
:1000F000CD410008BB010008BB010008CD07000886
:10010000BB010008BB010008B5410008BB010008A5
:10011000BB010008BB010008BB010008C141000889
:10012000BB010008BB010008BB010008BB010008BF
:10013000BB010008BB010008BB010008BB010008AF
:10014000BB010008BB010008BB010008BB0100089F
:10015000BB010008BB010008BB010008BB0100088F
:10016000BB010008BB010008BB010008BB0100087F
:10017000BB010008BB010008BB0100080000000033
:10018000BB010008BB010008DFF810D000F0CCFA7A
:100190000048004725560008AFF30080E81700200C
:1001A0000648804706480047FEE7FEE7FEE7FEE711
:1001B000FEE7FEE7FEE7FEE7FEE7FEE77141000827
:1001C000890100082DE9F05F0546002092469B4614
:1001D00088460646814640241BE02846414647465D
:1001E000224600F0F1F953465A46C01A914110D305
:1001F00011461846224600F0D8F92D1A67EB01087F
:100200004F4622460120002100F0CFF917EB0009EC
:100210004E41201EA4F10104DFDC484631462A4647
:100220004346BDE8F09F40EA01039B0703D009E085
:1002300008C9121F08C0042AFAD203E011F8013BD2
:1002400000F8013B521EF9D27047D2B201E000F82B
:10025000012B491EFBD270470022F6E710B513466A
:100260000A4604461946FFF7F0FF204610BD2DE967
:10027000FE4F804681EA0300C00F0C46009021F03B
:10028000004123F00045B8EB0200A94105D24046E9
:10029000214690461C460B46024623F00040104380
:1002A00047D0270DC7F30A00C3F30A510290401A42
:1002B000019040286BDAC3F3130040F4801B0098D0
:1002C000924620B10023D2EB030A63EB0B0B01989B
:1002D0005946C0F14002504600F067F906460D4607
:1002E00050465946019A00F07FF910EB0800614131
:1002F000002487EA115284EAE7731A4340D0009A37
:1003000062B3019A012A4FEA075215DC001B61EB28
:1003100002014FF0004202EA0752CDE90042001C00
:1003200041F5801132462B4600F07FF903B0BDE85D
:10033000F08F40462146F9E7001B61EB0201001CEB
:1003400041F5801300185B412018A2F5001747EB18
:10035000030140EAD570B6196D4111E06D084FEA0E
:10036000360645EAC0754FEA0752001B61EB0201F1
:10037000001C41F5801149084FEA30000019514135
:1003800032462B4603B0BDE8F04F00F03FB900986D
:10039000012240000023D0EB020263EBE0730098DF
:1003A00021464FEAE074B8EB000061EB0401E9E795
:1003B00083F000435BE781F0004158E72DE9FE4FF1
:1003C00081EA030404F0004421F0004100944FF05E
:1003D000000B23F0004350EA01045ED052EA03040C
:1003E0005BD0C3F30A54C1F30A552C44A4F2F3348E
:1003F0000194A0FB0254C1F3130141F48011C3F333
:10040000130343F4801301FB024400FB034E840AF0
:10041000970A44EA815447EA8357A4FB0768029588
:100420008D0A05FB07854FEA932C04FB0C54270526
:10043000029D4FEA065847EA1637B5EB08056EEB02
:10044000070C870E920E47EA811742EA8312A7FB38
:100450000201B6EB0B0164EB00042B0D43EA0C33F5
:100460005E1844EB1C50DA465146E7FB0201C5F327
:1004700013044FEA0B3343EA14534FEA0432019C4E
:1004800043EA0603A4F10C040294009CCDE900B4F5
:1004900000F0CBF803B0BDE8F08F00200146F9E78B
:1004A0002DE9F04D81EA030404F0004B21F00045F2
:1004B00014464FF0000A23F0004150EA050220D014
:1004C00054EA01021DD0C5F30A570246C5F31303CF
:1004D000C1F31300C1F30A5640F4801543F48013AE
:1004E000A7EB0608101BD64608F2FD3873EB050093
:1004F00002D308F1010801E092185B41B8F1000F46
:1005000003DA00200146BDE8F08D00204FF4801191
:10051000064684460EE0171B73EB050705D3121B36
:1005200063EB050306434CEA010C49084FEA30002F
:1005300092185B4150EA0107EDD152EA030012D054
:1005400082EA040083EA0501084305D0101BAB4191
:1005500006D20122002306E000224FF0004302E011
:100560006FF0010253101AEB06004CEB085110EB30
:100570000A0041EB0B01BDE8F04D00F047B830B583
:100580000B46014600202022012409E021FA02F551
:100590009D4205D303FA02F5491B04FA02F52844EB
:1005A000151EA2F10102F1DC30BD202A04DB203A45
:1005B00000FA02F1002070479140C2F1200320FAB6
:1005C00003F3194390407047202A04DB203A21FAB4
:1005D00002F00021704721FA02F3D040C2F120025C
:1005E0009140084319467047202A06DBCB17203A72
:1005F00041FA02F043EAE07306E041FA02F3D04028
:10060000C2F12002914008431946704710B5141EEC
:1006100073F1000408DA401C41F1000192185B41BB
:100620001A4301D120F0010010BD2DE9F04D924692
:100630009B4611B1B1FA81F202E0B0FA80F22032A9
:100640009046FFF7B2FF04460F4640EA0A0041EA2F
:100650000B0153465A46084313D0114653EA010092
:1006600019D0C8F140025046FFF7AEFF05460E46CE
:10067000504659464246FFF798FF084305D00120EF
:1006800004E020463946BDE8F08D0020054346EAE7
:10069000E0762C4337430A986305E40AA0EB080090
:1006A0000022FD0A44EA47540A3002D500200146E0
:1006B000E9E7010510196941DDE9084500196941BB
:1006C000BDE8F04DA2E7C1F30A52C1F3130140F2B5
:1006D000FF3341F480119A4202DA0020014670474C
:1006E00040F233439A42A2F2334202DC5242FFF715
:1006F0006BBFFFF75ABF000030B5041E71F1000454
:1007000004DB4FF00044404264EB0101141E73F11E
:10071000000405DB1C464FF00043524263EB040328
:10072000994208BF904230BD064C074D06E0E06894
:1007300040F0010394E8070098471034AC42F6D328
:10074000FFF726FDACA70008CCA7000800224FF455
:100750000051014800F079BB00080240012251031A
:10076000014800F072BB00000008024010B5FFF71E
:10077000F5FF962000F052FAFFF7E8FF962000F010
:100780004DFAFFF7EBFF962000F048FABDE8104065
:10079000FFF7DCBFFFF7DABFFEE70000014800F01B
:1007A000CBB80000140B0020014800F0C5B80000D1
:1007B000740B0020014800F0BFB80000540A00206C
:1007C000014800F0B9B80000B40A0020014800F068
:1007D000B3B800001C09002001681823CAB2103AFF
:1007E000B2FBF3F2054B6FF30901032A9B5CC3656F
:1007F00000D9091D8165084670470000B3740008E0
:1008000010B5014600208B698A6A4FF0C07453B15D
:10081000B3F5005F15D072B1012A0CD0022A0AD0BC
:10082000032A09D104E01AB1012A06D0022A03D111
:10083000C96AC90100D5012010BDC96AA142FAD018
:1008400010BD002AF7D0012AF2D0022AF3D0032AE1
:10085000F3D010BD30B50468256825F480252560E7
:10086000046863608368402B036803D09960006864
:10087000C26030BD9A600068C16030BD704772B61A
:10088000FEE72DE9F0410446876D00F0E3FA0646E5
:1008900094F835000025022806D08020606584F891
:1008A00034500120BDE8F0812068016821F0160174
:1008B00001602068416921F080014161206C08B924
:1008C000A06C20B12068016821F008010160206857
:1008D000016821F0010101600CE000F0BBFA801B0F
:1008E000052807D920206065032084F8350084F8A6
:1008F0003450D7E720680068C007EED194F85C1048
:100900003F208840B860012084F8350084F83450D6
:100910000020C7E790F83510022903D080214165F7
:1009200001207047052180F835100068016821F02A
:1009300001010160002070472DE9F84304464FF0A3
:100940000009CDF8009063484FF41651A56D00687A
:10095000B0FBF1F72E6894F85C10082000FA01F162
:1009600031420FD021680A6852070BD50A6822F07D
:1009700004020A6094F85C108840A860606D40F042
:100980000100606594F85C104FF0010808FA01F06E
:10099000304208D021684969090604D5A860606D15
:1009A00040F00200606594F85C10042088403042FA
:1009B00008D021680968890704D5A860606D40F0F7
:1009C0000400606594F85C1010208840304218D014
:1009D00021680968090714D5A860206801684903DF
:1009E00004D50068000308D5A16C07E00168C905BB
:1009F00003D4016821F008010160216C09B120468F
:100A0000884794F85C1020208840304231D021681B
:100A10000968C9062DD5A86094F835000528206816
:100A2000016806D0490347D5006800031DD4616CF6
:100A30001CE021F0160101602068416921F080016D
:100A40004161206C08B9A06C20B12068016821F0D8
:100A50000801016094F85C103F208840A86084F889
:100A6000358084F83490216D1FE0E16B09B1204698
:100A70008847606D00282BD0606DC00714D005201A
:100A800084F835002068016821F0010101600098B8
:100A9000401C0090B84203D820680068C007F6D117
:100AA00084F8358084F83490E16C002910D001B0CE
:100AB0002046BDE8F04308470168C905D5D4016860
:100AC00021F01001016084F8358084F83490CCE77F
:100AD000BDE8F883240000202DE9F041044600F031
:100AE000B9F906465CB1022084F83500002584F887
:100AF00034502068016821F0010101600DE00120FF
:100B0000BDE8F08100F0A6F9801B052805D920205A
:100B10006065032084F83500F2E720680068C007AC
:100B2000F0D12268116820480140D4E9010318433C
:100B3000D4E903363343184363691843A369184360
:100B4000E3691843236A18430843616A042903D1FF
:100B5000D4E90B1319430843106020684069666AA2
:100B600020F0070130460E43012704280CD1A06A6B
:100B70000643E06A40B12046FFF742FE20B1402024
:100B8000606584F83570BAE7206846612046FFF753
:100B900023FE94F85C203F2191408160656584F8D4
:100BA00035700020ACE700003F8010F02DE9F041E7
:100BB0000446866D90F83400002501280DD00120F0
:100BC00084F8340094F835700020012F07D084F8A1
:100BD000340002252846BDE8F0810220FBE7022709
:100BE00084F8357060652046FFF734FE94F85C1099
:100BF0003F208840B0602068016841F01601016024
:100C0000206C20B12068016841F008010160206873
:100C1000016841F001010160DCE7000070B50446A5
:100C200000F018F90546601C02D00448007804441E
:100C300000F010F9401BA042FAD370BD180000204C
:100C40002DE9F84FDFF8BCA10022012503264FF063
:100C50000F090AF1040BAAF1040E00BF0B6805FA94
:100C600002F42340A34270D10F7907F00307012F4C
:100C700001D0022F16D187684FEA420806FA08FC15
:100C800027EA0C07D1F80CC00CFA08FC4CEA070C58
:100C9000C0F808C04768A7430C79C4F30014944017
:100CA0003C4344600C79E443A4070AD0C4684FEA8B
:100CB000420C06FA0CF7BC438F6807FA0CF727437F
:100CC000C7600C7904F00304022C12D1D40800EBA5
:100CD000840CDCF820405707FF0E09FA07F824EAD5
:100CE0000804D1F8108008FA07F848EA0408CCF89C
:100CF000208004684FEA420C06FA0CF7BC430F79D7
:100D000007F0030707FA0CF7274307604C6814F451
:100D1000403F70D03C4C276847F4804727602468E8
:100D200022F0030704F480440094384C07EB040CD1
:100D3000DCF8084897074FEA177809FA08F7BC4328
:100D4000334FB84202D1002724E054E0314FB8427B
:100D500001D101271EE0304FB84201D1022719E02E
:100D60002E4FB84201D1032714E02D4FB84201D1D4
:100D700004270FE02B4FB84201D105270AE02A4F84
:100D8000B84201D1062705E0284FB84201D1072714
:100D900000E0082707FA08F72743CCF80878DAF8C4
:100DA00000405746D1F804C09C435FEACC2C00D5E4
:100DB0001C433C60DBF800405F46D1F804C09C4314
:100DC0005FEA8C2C00D51C433C60DEF8004077467F
:100DD000D1F804C09C435FEA8C3C00D51C433C60C6
:100DE000084F083F3C68D1F804C09C435FEACC3C04
:100DF00000D51C433C60521C102AFFF42FAFBDE805
:100E0000F88F0000083C01404438024000300140A7
:100E1000000002400004024000080240000C0240B2
:100E2000001002400014024000180240001C024062
:100E30000069084000D001207047426921EA02039E
:100E40000A4043EA0241816170470AB181617047FB
:100E50000904FBE701488068704700001800002083
:100E600070B5040025D094F83D00002520B984F821
:100E70003C50204600F04EF9242084F83D002068C4
:100E8000016821F0010101602068016841F400411E
:100E900001602068016821F40041016000F0A2FABD
:100EA0004D4A6168914201D84C4900E04C49884262
:100EB00001D2012070BD4B492368B0FBF1F15E689F
:100EC00026F03F060E435E606368934206D94FF4F6
:100ED000967359434FF47A73B1FBF3F12368491CBD
:100EE0001E6A26F03F06314319626168914210D8AC
:100EF0004900401EB0FBF1F2521CC2F30B02042A5F
:100F000001D2042022E0B0FBF1F0401CC0F30B0042
:100F10001CE0A268F2B301EBC10303EB0116431E10
:100F2000B3FBF6F35B1C43F480431B0549D092B33B
:100F300001EBC10202EB0111401EB0FBF1F0401CBD
:100F4000C0F30B0040F4804040F400402168CA69BF
:100F50004CF6FF739A431043C861D4E9071001436C
:100F60002068026822F0C00211430160D4E9030145
:100F700001432068826848F2FF339A43114381603D
:100F8000D4E9050108432168CA6822F0FF02104332
:100F9000C86001E00EE016E02068016841F0010140
:100FA00001602564202084F83D00256384F83E50CC
:100FB000002070BD01EB4106431EB3FBF6F35B1C42
:100FC000B3E70120C2E701EB4101401EB0FBF1F0A5
:100FD000401CC0F30B00B7E7A086010080841E0010
:100FE00000093D0040420F002DE9F84F1F46904692
:100FF0008A460446DDF82890FFF72CFF054694F852
:101000003D0020287FD11923012240492046009528
:1010100001F0A4FF002876D194F83C00012872D09A
:10102000012084F83C0020680168C90703D10168E9
:1010300041F0010101602068016821F40061016054
:10104000212084F83D00102084F83E00002626640C
:10105000C4F824806785608D20852D48E0622B468A
:101060004A465146204601F0FFFE90B9206841698A
:101070008069009036E02A464946204602F014F87E
:1010800050B1206C042804D12068016841F400713B
:1010900001600120BDE8F88F606A2168007808616E
:1010A000606A401C6062618D491E6185218D491E08
:1010B00089B2218522685369DB435B070BD451B1A8
:1010C00000781061606A401C6062608D401E60851F
:1010D000208D401E20852A464946204601F012FFF9
:1010E0000028CED1208D0028C5D154F83D0B0168D1
:1010F00041F400710160202004F81E09E67766774C
:101100000020C7E7FFE70220C4E70000020010004C
:101110000000FFFF10B586B0044614216846FFF7B3
:101120009BF813492068884220D1124800210268A8
:1011300042F002020260006800F002000590C02048
:1011400000901220CDE901010320039004200490B7
:1011500069460948FFF774FD06481030016841F4FC
:1011600000110160006800F40010059006B010BD89
:1011700000540040303802400004024002488168B8
:101180000278114481607047180000200B4810B5A8
:10119000016841F400710160016841F480610160FF
:1011A000016841F480710160032000F06FF80E20A7
:1011B00000F006F800F024F8002010BD003C0240CA
:1011C00070B50D4D04464FF47A712878B1FBF0F0FC
:1011D0000A490968B1FBF0F000F097FC48B9102CFF
:1011E00007D200222146501E00F030F800206C602B
:1011F00070BD012070BD00001800002024000020F8
:101200000A4808B5016841F480410160006800F4B3
:10121000804000900548001F016841F08051016046
:10122000006800F08050009008BD00004438024083
:10123000002809DB00F01F020121914040098000D5
:1012400000F1E020C0F8001170470000F0B40E4B30
:101250001B680C46C3F30223C3F10705042D00D914
:101260000425191D072901D2002300E0DB1E0126F9
:1012700006FA05F1491E214099409E40761E16400F
:101280003143F0BC03F024BD0CED00E0064900F052
:10129000070208684FF6FF03184040EA0220034A9D
:1012A00010430860704700000CED00E00000FA05F4
:1012B0002DE9F0470E46050065D0DFF81481D8F817
:1012C0000000F7B200F00700B04207D288F80070C3
:1012D000D8F8000000F00700B04254D128683D4C17
:1012E000810712D5400703D5206840F4E050206004
:1012F0002878000703D5206840F46040206020680B
:10130000A96820F0F000084320602878C0072DD09D
:10131000304968680839012812D0022813D0032800
:1013200011D00968890700292DDA216821F003010D
:1013300001432160FFF78EFD814641F2883A0EE0BD
:1013400009688903EFE709688901ECE7FFF782FD87
:10135000A0EB0901514502D90320BDE8F0872068C0
:10136000696800F00C00B0EB810FEFD1D8F80010E5
:10137000404601F00701B14207D90770006800F04C
:101380000700B04201D00120E7E72878400705D5E3
:101390002068E96820F4E0500843206028780007BE
:1013A00006D52068296920F4604040EAC100206029
:1013B00000F038F82168084AC1F30311515CC840B5
:1013C0000649086006480068FFF7FAFE0020C4E7F7
:1013D000003C024008380240BB7400082400002092
:1013E0001C0000200448054900680968044AC1F34C
:1013F0008221515CC8407047240000200838024018
:10140000CB7400080448054900680968044AC1F320
:101410004231515CC8407047240000200838024027
:10142000CB740008154810B5006810F00C02144881
:1014300013D01449042A0FD0082A0ED10F4C241FB0
:101440002268236802F03F025B0207D52068C0F3E0
:101450008810A0FB010106E0084610BD2168C1F319
:101460008811A1FB00010023FEF7ACFE2168C1F347
:101470000141491C4900B0FBF1F010BD08380240A1
:101480000024F40040787D012DE9F84F04006ED06F
:101490002078DFF84C93C007A9F104054AD009F180
:1014A00004000168C1F38101012908D00068C0F37C
:1014B000810002280AD1D9F80000400206D5286828
:1014C000800337D560680028E1D033E06068B0F56C
:1014D000803F10D0B0F5A02F286810D020F48030C5
:1014E0002860286820F4802028606068A8B1FFF791
:1014F000B1FC06460DE0286840F48030F4E740F483
:1015000080202860F7E700BFFFF7A4FC801B642859
:1015100073D828688003F7D50CE0FFF79BFC0646DC
:1015200005E000BFFFF796FC801B6428F0D8286810
:101530008003F7D42078DFF8AC8280074FF0000AF0
:101540003ED5A748001D016811F00C0F08D00068B7
:10155000C0F3810002280BD1D9F80000400207D463
:101560002868800716D5E068012800D112E033E131
:10157000E068B8B10120C8F80000FFF76BFC064630
:1015800005E000BFFFF766FC801B0228C0D8286872
:101590008007F7D52868216920F0F80040EAC100EB
:1015A00028600DE0C8F800A0FFF754FC064604E0F0
:1015B000FFF750FC801B02281FD828688007F7D44B
:1015C0002078000722D5864F87486169703771B14E
:1015D00001210160FFF73EFC064604E0FFF73AFCFC
:1015E000801B022809D838688007F7D50EE0C0F8BC
:1015F00000A0FFF72FFC064605E082E0FFF72AFC7B
:10160000801B02287DD838688007F7D420784007EF
:1016100068D5DFF8CCB100270BF13C0BDBF80000FC
:10162000C0000BD4DBF8001041F08051CBF8001063
:10163000DBF80000012700F0805000906B4E30680E
:10164000C00510D4306840F480703060FFF702FCB1
:10165000009005E0FFF7FEFB0099401A022850D8E1
:101660003068C005F6D55E4EA0686C3601280FD0F4
:101670000528306810D020F001003060306820F07C
:1016800004003060A068B8B1FFF7E4FB00900FE001
:10169000306840F00100F4E740F004003060F7E704
:1016A000FFF7D8FB0099411A41F28830814266D891
:1016B00030688007F4D50EE0FFF7CCFB009007E020
:1016C000FFF7C8FB0099411A41F28830814256D891
:1016D00030688007F4D42FB1DBF8001021F080517E
:1016E000CBF80010A069C8B33D49091D0968C1F3D2
:1016F000810102294AD00228504607D0C8F860006C
:1017000000E03CE0FFF7A6FB04463BE04746C8F894
:101710006000FFF79FFB064605E000BFFFF79AFB5E
:10172000801B02282BD828688001F7D4D4E9070150
:101730000843A16A2E4A490802EB0141626A41EA64
:101740008211084394F82C1040EA0161C9F8001096
:1017500001203866FFF77EFB044606E03EE000BF4E
:10176000FFF778FB001B022809D828688001F7D50D
:1017700034E000BFFFF76EFB001B022802D90320F4
:10178000BDE8F88F28688001F4D427E00128F7D05D
:10179000D9F80000E26900F4800191421CD1226A6C
:1017A00000F03F01914217D147F6C071626A0140D3
:1017B000B1EB821F10D1A26A4FF0FF3300F4403129
:1017C00003EB5202B1EB024F06D194F82C1000F05B
:1017D0007060B0EB016F01D00120D1E70020CFE7AE
:1017E0000438024000004742800E4742007000402B
:1017F0000000FFFF70B5040009D0606A002540B109
:1018000025616561A56294F8510040B10CE00120AA
:1018100070BD6068B0F5827FF4D0E561F2E784F8CE
:101820005050204600F044F8022084F8510020680F
:10183000016821F040010160A088218900F48270D4
:1018400001F404410843A18901F400610843217CAB
:1018500001F002010843217D01F001010843218BC1
:1018600001F400710843217F01F03801084394F826
:10187000201001F080010843218D01F4005108433C
:1018800021680860A069042101EA104094F824103E
:1018900001F010010843216848602068C16921F403
:1018A0000061C1616565012084F85100002070BDB0
:1018B00010B586B0044614216846FEF7CDFC1449E5
:1018C0002068884221D113480021026842F4004276
:1018D0000260006800F4004005900E48103802686D
:1018E00042F004020260006800F0040005904FF42A
:1018F000E05000900220CDE9010103200390062072
:10190000049069460448FFF79BF906B010BD00003B
:10191000003C004040380240000802402DE9FF4FE3
:1019200081B0044690F8500000260E9F1D46934655
:101930004FF0010901280FD04FF0010A84F850A0A0
:10194000FFF788FA804694F85100616801280DD0AD
:10195000B1F5827F08D103E0022005B0BDE8F08F29
:10196000A16809B9042801D00226C9E0029800281C
:1019700065D0BBF1000FFBD0002DF9D094F85100D9
:10198000042802D0052084F8510000206065C4F8C6
:1019900038B0E587A58702992163E586A58620648E
:1019A000606420680168490603D4016841F0400181
:1019B0000160E068B0F5006F606803D0F0B3012DFE
:1019C00047D081E008B1012D3CD1206B216800880F
:1019D000C860206B801C2063E08E401EE08631E0F2
:1019E0002068816889070FD5E18E69B1B9F1010FCF
:1019F0000AD1216B0988C160206B801C2063E08EB6
:101A0000401EE0864FF0000920688168C9070CD0AD
:101A1000E18F51B1C068A16B0880A06B801CA063EE
:101A2000E08F401EE0874FF00109FFF713FAA0EBAB
:101A30000800B84206D3781C04D001E009E05BE05E
:101A400003265BE0E08E0028CAD1E08F0028C7D1D2
:101A500040E0206B216800780873206B401C2063F5
:101A6000E08E401EE0862FE02068816889070FD550
:101A7000E18E69B1B9F1010F0AD1216B09780173C7
:101A8000206B401C2063E08E401EE0864FF0000972
:101A900020688168C9070CD0E18F51B1C068A16B83
:101AA0000870A06B401CA063E08F401EE0874FF0E1
:101AB0000109FFF7CFF9A0EB0800B84202D3781C68
:101AC00002D0BAE7002FB8D0E08E0028CCD1E08F4A
:101AD0000028C9D142463946204602F059FA18B1C9
:101AE0000126202060650BE0A06818B92068C16855
:101AF00080680090606D08B1012601E084F851A073
:101B0000002084F85000304627E710B5401EB0F1A1
:101B1000807F01D3012010BD4FF0E02460610F21D0
:101B2000601703F0D5F80020A06107202061002095
:101B300010BD7047704710B590F83C20012A22D0A4
:101B4000012280F83C20CA688C6822F4407222434B
:101B50004C6822F4806222430C6822F40062224323
:101B60000C6922F4805222434C6922F40052224331
:101B7000C969002322F480420A4301684A6480F85C
:101B80003C30002010BD022010BD000070B590F860
:101B90003C20012A32D0012480F83C40022280F807
:101BA0003D2003685A689D6822F070060A68324337
:101BB0005A60134B02689A4214D0B2F1804F11D090
:101BC000104B9A420ED0104B9A420BD00F4B9A42B8
:101BD00008D00F4B9A4205D00E4B9A4202D00E4BC2
:101BE0009A4204D1496825F080031943916080F836
:101BF0003D40002180F83C10084670BD022070BDB9
:101C0000000001400004004000080040000C0040BB
:101C100000040140004001400018004010B50400DD
:101C200003D094F83D0010B107E0012010BD002062
:101C300084F83C00204600F01FF8022084F83D00A4
:101C4000211D206802F0C8FA012084F8460084F8BB
:101C50003E0084F83F0084F8400084F8410084F896
:101C6000420084F8430084F8440084F8450084F876
:101C70003D00002010BD000038B505462E4B02681F
:101C800000202E499A4222D10A6842F004020A60DA
:101C900009682C4C01F00401009129492160D90305
:101CA00061604021C4E902100901216149006161BC
:101CB0008900A1614911C4E9071060622046FEF75E
:101CC0000BFF08B1FEF7DBFDEC62A56338BD1E48D3
:101CD000824208D1086840F010000860086800F0EF
:101CE0001000009038BD194882420ED1086840F0BB
:101CF000200008600868002200F0200000901146D3
:101D00003720FFF7A3FA372012E011488242E9D1C9
:101D10000A48001D016841F400310160006800229A
:101D200000F40030009011461920FFF78FFA1920B7
:101D3000BDE83840FFF77CBA000800404038024058
:101D4000B86002401C090020001000400014004050
:101D50000044014090F83D10012901D00120704756
:101D6000022180F83D100168CA6842F00102CA6091
:101D700000681149884214D0B0F1804F11D00F494A
:101D800088420ED00E4988420BD00E49884208D0B6
:101D90000D49884205D00D49884202D00C4988423D
:101DA00004D1816801F00701062903D0016841F0E0
:101DB0000101016000207047000001400004004064
:101DC00000080040000C00400004014000400140B9
:101DD000001800400168CA6822F00102CA60016868
:101DE0000A6A41F211131A4207D10A6A9B101A4279
:101DF00003D10A6822F001020A60012180F83D1037
:101E00000020704770B5044690F83C00002501287A
:101E100017D0012684F83C60022084F83D00206839
:101E2000826822F0770222F47F428260086850289C
:101E300038D00DDC20284FD005DC90B3102811D10C
:101E40004AE0022070BD302846D040280AD13BE04D
:101E500060282FD070280DD0B0F5805F03D0B0F58A
:101E6000005F12D0012584F83D60002084F83C001A
:101E7000284670BDCB68D1E90121206802F09AFAAA
:101E80002068816841F0770109E0CB68D1E9012140
:101E9000206802F08FFA2068816841F480418160F7
:101EA000E1E719E0CA684968206802F057FB502151
:101EB000206806E0CA684968206802F060FB60217B
:101EC000206802F081FACEE7CA684968206802F00B
:101ED00045FB40212068F4E7226801461046F0E700
:101EE0002DE9F0410D46040003D094F83D0018B1EF
:101EF00008E00120BDE8F081002084F83C00204685
:101F000000F040F8022084F83D002068816844F227
:101F1000070291438160211D206802F05DF922686B
:101F200090689169166A2B68AF69034340F20330E9
:101F3000814341EA0721A868EF6908434FF6FC4155
:101F40008843E96840EA0720014328692F6A0001B5
:101F500040EA0730084369686D6926F0AA0646EA38
:101F60000515294393602268906154F8460B01627D
:101F7000012004F81F09E0752076E0762077A0752F
:101F80000020B7E7F0B587B0044614216846FEF795
:101F900063F9574923680024554A103902255548EA
:101FA000B3F1804F26D0544FC026BB4256D11368A0
:101FB00043F002031360126802F0020205920A68FD
:101FC00042F001020A6009680096CDE9015401F06F
:101FD0000101CDE9045103946946FEF731FE002268
:101FE00011461D20FFF732F95FF01D00FFF720F9C1
:101FF00007B0F0BD136843F001031360126802F0EC
:10200000010205920A6842F001020A600A6802F0C1
:10201000010205920A6842F002020A60096801267C
:1020200001F0020105914FF400410091CDE9015406
:10203000CDE903466946FEF703FE08200090CDE98E
:102040000154CDE9034669462C48FEF7F9FD00220C
:1020500011461C20FFF7FAF81C20C7E7DFF8A0C0E4
:10206000032763451ED1136843F008031360126809
:1020700002F0080205920A6842F001020A6009684B
:102080000097CDE9015401F00101CDE90451039419
:102090006946FEF7D5FD002211463220FFF7D6F83B
:1020A0003220A3E717488342A2D11148001D0268DD
:1020B00042F002020260006800F002000590086829
:1020C00040F00400086008680096CDE9015400F073
:1020D0000400CDE90470694603940B48FEF7B0FD97
:1020E000002211462C20FFF7B1F82C207EE70000DB
:1020F000403802400000024000040040000402405A
:10210000000C0040000401400008024070B590F847
:102110003E60044690F83F5090F8423090F84320DB
:10212000022021B104290ED0012E1BD114E0012E72
:1021300018D1012B16D184F83E0084F84200012208
:102140000021206820E0012D0CD1012A0AD184F859
:102150003F0084F8430014E0012D03D1012B01D18D
:10216000012A01D0012070BD84F83E0084F83F00B0
:1021700084F8420084F8430001220021206802F024
:1021800097F801220421206802F092F82068016883
:1021900041F001010160002070BD704770472DE9DA
:1021A000F04104460068C66805694FF00007A907BA
:1021B00013D5B10711D5F91E0161012020772068E0
:1021C00080698007204602D0FFF7E8FF04E000F0B6
:1021D000D5F8204600F084F92777680716D57007F0
:1021E00014D521686FF00400086102202077206870
:1021F000806910F4407F204602D0FFF7CFFF04E053
:1022000000F0BCF8204600F06BF92777280715D5B9
:10221000300713D521686FF008000861042020778B
:102220002068C0698007204602D0FFF7B7FF04E0AE
:1022300000F0A4F8204600F053F92777E80616D5F9
:10224000F00614D521686FF010000861082020778F
:102250002068C06910F4407F204602D0FFF79EFF3F
:1022600004E000F08BF8204600F03AF92777E80701
:1022700008D0F00706D021686FF001000861204601
:1022800000F074FA280608D5300606D521686FF0EC
:10229000800008612046FFF74CFC680608D57006F0
:1022A00006D521686FF040000861204600F07AFAF8
:1022B000A8060AD5B00608D521686FF0200008618D
:1022C0002046BDE8F041FFF735BCBDE8F0810000D5
:1022D00070B586B0044614216846FDF7BDFF214A5B
:1022E0002168002420480225914224D1016841F050
:1022F00010010160016801F010010591016841F0D1
:10230000010101600068012600F0010005904FF412
:1023100028500090CDE90154CDE9034669461348A1
:10232000FEF78EFCA8020090CDE90154CDE90346EA
:1023300069460F4812E00F4A914211D1016841F0FD
:10234000020101600068694600F0020005909015E6
:102350000090CDE901540848CDE90345FEF770FC33
:1023600006B070BD0000014030380240001002404D
:10237000000002400008004000040240704770B5B1
:10238000044690F83C0000260D4601280FD001209D
:1023900084F83C006AB1042A1DD0082A2FD00C2AE8
:1023A0003FD00126002084F83C00304670BD02205A
:1023B00070BD206802F010F82068816941F00801C2
:1023C00081612068816921F004018161206881694F
:1023D0002A69114311E0206802F02EF82068816913
:1023E00041F4006181612068816921F4806181612B
:1023F000206881692A6941EA02218161D2E7206867
:1024000002F050F82068C16941F00801C1612068FC
:10241000C16921F00401C1612068C1692A691143C1
:1024200011E0206802F072F82068C16941F400618F
:10243000C1612068C16921F48061C1612068C169FE
:102440002A6941EA0221C161ACE710B5040003D05A
:1024500094F83D0010B107E0012010BD002084F881
:102460003C00204600F01EF8022084F83D00211DAB
:10247000206801F0B1FE012084F8460084F83E0097
:1024800084F83F0084F8400084F8410084F842005A
:1024900084F8430084F8440084F8450084F83D0043
:1024A000002010BD08B500680B49884212D10B48C6
:1024B000016841F0010101600068002200F00100A4
:1024C000009011461920FEF7C1FEBDE80840192012
:1024D000FEF7AEBE08BD00000000014044380240D7
:1024E0007047704710B50446022249B104290ED046
:1024F000082913D094F84100012816D0012010BDFE
:1025000094F83E000128F9D184F83E200FE094F8B9
:102510003F000128F2D184F83F2008E094F8400001
:102520000128EBD184F8402001E084F84120012209
:10253000206801F0BDFE16492068164A884201D085
:10254000904203D1436C43F40043436420688842C3
:1025500013D0B0F1804F10D00F4988420DD00F49F1
:1025600088420AD00E49884207D0904205D00D49D2
:10257000884202D00C49884204D1816801F00701E9
:10258000062903D0016841F001010160002010BD5F
:102590000000014000040140000400400008004029
:1025A000000C004000400140001800402DE9F041BF
:1025B00017460D0004464FF000060CD0042D11D034
:1025C000082D16D094F84100022819D094F8410043
:1025D000012818D07CE094F83E00022810D094F82E
:1025E0003E00F5E794F83F00022809D094F83F0038
:1025F000EEE794F84000022802D094F84000E7E7A4
:102600000220BDE8F081002F62D0002B60D04D4940
:102610004D4ADFF838C102204DB1042D18D0082DE5
:1026200027D084F841000C2D44D0012687E084F89F
:102630003E00606AC163606A39460264606AC0F83D
:102640004CC02268606A3432FEF7B0FA88BB21E0E1
:1026500084F83F00A06AC163A06A39460264A06A98
:10266000C0F84CC02268A06A3832FEF79FFA00BB5F
:1026700015E084F84000E06AC163E06A394602640C
:10268000E06AC0F84CC02268E06A3C32FEF78EFA7D
:1026900078B909E02068C16841F400711EE0206843
:1026A000C16841F4806119E02068C16841F40061AB
:1026B00014E00DE0206BC163206B39460264206B8F
:1026C000C0F84CC02268206B4032FEF76FFA08B1A8
:1026D000012096E72068C16841F48051C160012261
:1026E0002946206801F0E4FD19492068194A88420A
:1026F00001D0904203D1436C43F40043436420680B
:10270000884213D0B0F1804F10D0134988420DD0C9
:10271000124988420AD01249884207D0904205D017
:102720001049884202D01049884204D1816801F0E2
:102730000701062903D0016841F00101016030461C
:102740005FE70000CB42000829430008614300080E
:102750000000014000040140000400400008004067
:10276000000C0040004001400018004010B50C4A29
:1027700001681268914205D103F05AFBBDE8104090
:1027800003F046B9064A90321268914203D1BDE87F
:10279000104000F0FFBABDE8104003F017BB000086
:1027A000440800207047704710B50446006840692F
:1027B00094F84110C0F3C010212911D180B12068D4
:1027C000143050E8001F21F0800140E80012002A78
:1027D000F5D1A06B08B1FEF754F8204601F0A6FF32
:1027E0002068406994F84210C0F38010222911D16A
:1027F00080B12068143050E8001F21F0400140E80B
:102800000012002AF5D1E06B08B1FEF73AF8204635
:1028100001F065FF002010BD70470000F8B50168A9
:1028200004460868CA684B6910F00F0F4FF00005A6
:1028300059D003F0010602F49077374365D0C10701
:1028400005D0D10503D5616C41F0010161644107F8
:1028500005D5D90703D0616C41F00201616481079D
:1028600005D5D90703D0616C41F00401616401070B
:1028700007D502F02001314303D0616C41F008011B
:102880006164616C00293AD0800604D5900602D5B7
:10289000204601F059FF20684069616CC0F3801048
:1028A000090700D460B3204601F019FF2068406991
:1028B000400621D52068143050E8001F21F0400167
:1028C00040E80012002AF5D1E06BA8B16E4901651D
:1028D000E06BFEF71FF8002811D0E06B016D01B02E
:1028E000BDE8F040084783060FD593060DD5204676
:1028F000BDE8F84001F028BF2046FFF78DFFF8BD86
:102900002046FFF789FF6564F8BD266B2023012E62
:102910007DD1C6067BD5D60679D508684868009073
:1029200048694FF00206400641D5E16B08684068EF
:102930000004000CE8D0A28D8242E5D9E085C86988
:10294000B0F5807F2DD020680C3050E8001F21F4B6
:10295000807140E80012002AF5D12068143050E858
:10296000001F21F0010140E80012002AF5D1206883
:10297000143050E8001F21F0400140E80012002A06
:10298000F5D184F84230256320680C3050E8001FF0
:1029900021F0100140E80012002AF5D1E06BFDF7AC
:1029A00070FF6663A08DE18D401A81B22AE0A08D90
:1029B000E18D401A81B2E08D0028A5D00029A3D076
:1029C00022680C3252E8000F20F4907042E80007B1
:1029D000002FF5D12068143050E8002F22F00102BA
:1029E00040E80027002FF5D184F8423025632068A5
:1029F0000C3050E8002F22F0100240E80023002B9A
:102A0000F5D166632046FFF7CEFEF8BDFFE7050669
:102A10002BD5150629D594F841002128F5D1A068B9
:102A2000B0F5805F01D12069B0B1206A411C2162FC
:102A3000216800784860E08C401E0004000CE084AF
:102A4000E3D12068C16821F08001C1602068C168BD
:102A500041F04001C160D8E7206A0088C0F3080057
:102A60004860206A801C2062E5E74006CDD550060C
:102A7000CBD5CA68204622F04002CA6084F84130B3
:102A800000F086F9C1E70000E145000870B50400D8
:102A900004D094F84100002510B106E0012070BD7B
:102AA00084F84050204600F023F8242084F84100A8
:102AB0002068C16821F40051C160204601F0A6FEE3
:102AC0002068016921F4904101612068416921F089
:102AD0002A0141612068C16841F40051C160656408
:102AE000202084F8410084F842006563002070BD16
:102AF0002DE9F04F87B0044614216846FDF7ACFB82
:102B00006A49D4F800C06A48022203230726002538
:102B10008C451DD1664914310C6844F010040C60DA
:102B2000096801F010010591016841F0010101609F
:102B30000068694600F00100059058028DE8250004
:102B4000CDE903365B48FEF77BF807B0BDE8F08FB0
:102B50005749DFF864811031DFF860B14F054FF05D
:102B6000400A4FF48069C4454CD1D1F800C04CF400
:102B7000003CC1F800C0096801F40031059101680A
:102B800041F0080101600068694600F00800059006
:102B900060208DE82500CDE903365846FEF750F851
:102BA000484E4748B8463060C6E90175C6E9035942
:102BB0007561B561F56135624F4630467562FDF766
:102BC0008BFF08B1FDF75BFEE663B4633D4E3C4806
:102BD00060361830C6E903577561B561F561356235
:102BE000756286E801053046FDF776FF08B1FDF70E
:102BF00046FEA663002211462620B463FEF726FB9C
:102C0000262050E0DFF8C080C4459ED1D1F800C036
:102C10004CF4802CC1F800C0096801F480210591B2
:102C2000016841F0080101600068694600F0080091
:102C300005904FF440708DE82500CDE903365846E5
:102C4000FDF7FEFF1F4E1E48C03660383060C6E9F3
:102C50000175C6E903597561B561F5613562C8460C
:102C600030467562FDF738FF08B1FDF708FEE663F0
:102C7000B463164E1248C6E903587561B561F56133
:102C800035623038756286E881043046FDF724FFEE
:102C900008B1FDF7F4FDA66300220F212720B463DD
:102CA000FEF7D4FA2720FEF7C3FA4EE700100140E2
:102CB000303802400000024000440040000C024056
:102CC00088600240540A002000480040740B002035
:102CD00090F84230202B01D00220704721B11AB168
:102CE0000023036301F018BE01207047704770474E
:102CF0002DE9F843044690F84100984616460D46E3
:102D0000202802D00220BDE8F88385B17EB10020E2
:102D10006064212084F84100FEF79CF8A684814677
:102D2000E684A0682027B0F5805F02D003E0012090
:102D3000E9E7206910B12E4600250EE000260CE0E0
:102D40008021204601F030FEA8B9C6B116F8010B6B
:102D500021684860E08C401EE084E08C4B464FF0D8
:102D60000002CDF800800028EAD14FF04001204653
:102D700001F01AFE40B184F841700320C3E735F832
:102D8000020BC0F30800E3E784F841700020BAE7C3
:102D90007047000002480168491C0160704700004C
:102DA0000C000020002280210148FEF74EB80000F0
:102DB000000C024070B51D4C00252A46102120460B
:102DC000FEF743F80520FDF729FF012210212046D8
:102DD000FEF73BF80F2001F0E5FB00221021204612
:102DE000FEF733F880212046FEF722F80028F9D0BC
:102DF0000F48FEF7AFFF0F4E0020306080212046C5
:102E0000FEF716F80128F9D00948FEF7E3FF30680D
:102E100040F6D861884206D24FF4AD71484340086D
:102E20006421B0FBF1F5284670BD0000000C0240A3
:102E3000D40800200C000020FEE701684A69D24354
:102E400052050FD46FF480624A61002140F8301FB0
:102E5000202242738173026942F00402026101730D
:102E60000120704700207047F8B50446C06A1E462E
:102E70000D461746082807D0012805D010F5803FD9
:102E800002D0206B122804D12068016841F48071BF
:102E90000160134600224FF001112046009600F019
:102EA0005DF840B120680068C00502D54FF400709D
:102EB00020640320F8BD2069B0F5804F0ED00620B5
:102EC000216800EAD51040F0F000086133463A4628
:102ED0000B49204600F08AF878B902E005F0FE00C0
:102EE00000E0E8B221680861054933463A46891F87
:102EF000204600F07BF80028DCD00120F8BD00005F
:102F00000800010070B516460D4604461EE0204636
:102F1000FFF793FF08B1012070BD681C16D0FDF7C4
:102F200099FF801BA84200D885B920684069C0433A
:102F300040070BD5002044F8300F20216173A073A7
:102F4000216941F0200121612073E4E72068406994
:102F5000C0434007DBD4002070BD00002DE9F047DE
:102F6000984617460D460446C1F30746DDF8209003
:102F70002AE000BFB8F1FF3F26D0FDF76BFFA0EBC2
:102F80000901414502D8B8F1000F1DD12068012E7A
:102F900016D0806925EA00000004000C12D0002041
:102FA000B84211D1002044F8300F20216173A07382
:102FB000216941F02001216120730120BDE8F087E3
:102FC0004069E7E70120EBE72068012E0AD080691D
:102FD00025EA00000004000C06D00020B842C9D049
:102FE0000020EBE74069F3E70120F7E72DE9F04720
:102FF000984616460D4604464FF000094FF0200A49
:10300000C1F3074723E020684069C043400515D459
:103010002068016841F40071016021686FF48060EC
:103020004861C4F8309084F83DA084F83E90216C4B
:1030300041F00401216484F83C9021E0701C06D02A
:10304000FDF708FFA0EB0800B04203D816B1012F2E
:103050001FD021E02068012F15D0806925EA0000EB
:103060000004000C18D000BF44F8309F84F80DA075
:1030700084F80E90216941F02001216184F80C90C0
:103080000120BDE8F087406925EA00000004000C3B
:10309000EAD12068406901E02068806925EA0000E3
:1030A0000004000CAFD1ECE770B516460D4604469F
:1030B0001EE02046FFF7C1FE08B1012070BD681C6C
:1030C00016D0FDF7C7FE801BA84200D885B920683E
:1030D0004069C04300060BD5002044F8300F202182
:1030E0006173A073216941F0200121612073E4E73D
:1030F00020684069C0430006DBD4002070BD4279DF
:1031000062F30701827962F30F21C279007A62F3D8
:10311000174160F31F6100EE101A70474A1E032A20
:1031200001D30020704708444078704710B54B1E0B
:10313000022B02D39FED0A0A10BD00EB810310F8A9
:10314000210013F8034D64F307025C789B7864F365
:103150000F2263F3174260F31F6200EE102A10BDC6
:10316000000000002DE9FF5F0C460546DDE91181F6
:10317000DDE91396DDE90EBA407A17460A2803D036
:10318000022004B0BDE8F09F2878442803D04328EB
:1031900013D00120F5E75FEA090005D00121284698
:1031A000FFF7C4FF89ED000A002E05D00221284652
:1031B000FFF7BCFF86ED000A9BE06A78002601203D
:1031C000092A6BD2DFE802F09505213D59957791E8
:1031D0009400A8784FF002010028284609D0FFF794
:1031E0009DFF20702846FFF78AFF207857F82000BF
:1031F00052E0FFF793FF2070009657F8200000235D
:10320000012290ED000A114665E0A8784FF0020116
:103210000028284609D0FFF781FF20702846FFF7D5
:103220006EFF207853F8200036E0FFF777FF20701C
:10323000009653F820000023012290ED000A02219D
:1032400049E0A8784FF002010028284609D0FFF78E
:1032500065FF20702846FFF752FF21785BF82100B8
:103260001AE0FFF75BFF207000965BF82000002358
:10327000012290ED000A03212DE0A8784FF0020111
:10328000002828460BD0FFF749FF20702846FFF79B
:1032900036FF21785AF8210080ED000A29E0FFF777
:1032A0003DFF207000965AF820000023012290ED87
:1032B000000A04210FE0A878D8B902212846FFF7B8
:1032C0002DFF207010990096002351F82000012254
:1032D000062190ED000A01A800F010F801460A232B
:1032E0001A460548FFF704FD03E088F8000000E0F7
:1032F0000870002045E700000C0A002070B5432646
:10330000049D0670417010EE104A8270C370057102
:103310004471210A8171210CC171210E01720A21AF
:10332000417270BD194808B5016841F4001101608F
:103330000068002200F40010009011460C20FDF7F8
:1033400085FF0C20FDF774FF002211460E20FDF7CB
:103350007DFF0E20FDF76CFF002211461020FDF7C7
:1033600075FF1020FDF764FF002211461120FDF7C4
:103370006DFF1120FDF75CFF002211462F20FDF7A5
:1033800065FFBDE808402F20FDF752BF30380240EE
:103390002DE9F04F87B014216846FCF75DFF5948CE
:1033A0000025016841F010010160016801F0100181
:1033B0000591016841F004010160016801F0040118
:1033C0000591016841F080010160016801F0800110
:1033D0000591016841F001010160016801F00101FE
:1033E0000591016841F002010160016801F00201EC
:1033F0000591016841F0080101600068424F00F04A
:103400000800059000227C213846FDF71EFDDFF8FC
:10341000FC8000224FF400514046FDF716FD0122CA
:1034200011464046FDF711FDDFF8E490002204212B
:103430004846FDF70AFD0122D1033846FDF705FD98
:10344000DFF8D0A04FF44066002231465046FDF729
:10345000FCFCDFF8C4B0002247F616415846FDF7E1
:10346000F4FC48F23C0001248DE8310069463846FE
:103470000395FDF7E5FB4020CDE900046946384699
:10348000CDE90245FDF7DCFB78148DE83100694693
:1034900040460395FDF7D4FB0420CDE900046946BE
:1034A0004846CDE90245FDF7CBFB1120CDE9006090
:1034B0000226CDE9024669465046FDF7C1FB47F6B4
:1034C00010408DE83100694658460395FDF7B8FB7A
:1034D000CDE90045694658460294FDF7B1FB062048
:1034E000CDE9000469465846CDE90245FDF7A8FB41
:1034F00080208DE8610069465846FDF7A1FB07B0C2
:10350000BDE8F08F30380240001002400008024051
:103510000000024000040240000C02400D4810B5BB
:103520000B4901600C49416000214FF480428160E9
:10353000C0E9031241618161C1610162FDF790FC44
:10354000002803D0BDE81040FDF799B910BD000078
:1035500000540040E8050020A0860100104810B586
:103560000E4901604FF48271416000218160C160A9
:103570004FF400720161C0E905121022C0E9072171
:10358000416281620A21C162FEF734F9002803D04A
:10359000BDE81040FDF773B910BD0000003C0040CD
:1035A0003C0600200B4810B509490160A721416085
:1035B00000210922C0E9021201618161FEF72EFBA0
:1035C000002803D0BDE81040FDF759B910BD000038
:1035D00000440140D408002030B591B000240F947D
:1035E0001C2168461094FCF737FE202107A8FCF741
:1035F00033FE2C482A494FF4FA6502C0032132C039
:1036000040F81049446184612648FEF71EFF08B166
:10361000FDF735F90F940FA922481094FEF7B6FA7A
:1036200008B1FDF72CF960200090CDE90154039416
:1036300004940594002269461A480694FEF79FFEFA
:1036400008B1FDF71CF9042269461648FEF797FEFB
:1036500008B1FDF714F9082269461248FEF78FFEFB
:1036600008B1FDF70CF90C2269460E48FEF787FEFB
:1036700008B1FDF704F90794089409944FF4005039
:103680000A94CDE90B4007A906480E94FEF753FAB9
:1036900008B1FDF7F4F80348FEF71AFE11B030BD8B
:1036A000000001409406002010B58CB0242168462B
:1036B000FCF7D2FD0024164809944FF080410A948B
:1036C000C0E900144FF6FF71C0E902410461846152
:1036D0000320CDE900040120CDE902040F2104916B
:1036E000CDE90540CDE9074169460948FEF7F8FBF9
:1036F00008B1FDF7C4F8099409A905480A94FEF732
:1037000045FA002801D0FDF7BAF80CB010BD000052
:10371000DC06002010B58CB024216846FCF79CFD27
:1037200000241648099414490A94C0E900144FF67D
:10373000FF71C0E90241046184610320CDE9000406
:103740000120CDE902040F210491CDE90540CDE926
:10375000074169460948FEF7C3FB08B1FDF78FF83A
:10376000099409A905480A94FEF710FA002801D027
:10377000FDF785F80CB010BD0004004024070020C0
:1037800010B58EB000240794089409940A940B9401
:103790001C2168460C94FCF75FFD1D481B49C0E9DD
:1037A00000146821C0E9024104618461FEF736FA21
:1037B00008B1FDF764F84FF48050079007A914484A
:1037C000FEF720FB08B1FDF75AF81148FEF73DFE61
:1037D00008B1FDF754F80B940BA90D480C94FEF7B3
:1037E000D5F908B1FDF74BF86020CDE9000402944B
:1037F0000822694606480494FEF7C1FD08B1FDF7AA
:103800003EF80348FEF764FD0EB010BD000800400E
:103810006C07002010B58CB024216846FCF71CFD15
:1038200000241648099414490A94C0E900144FF67C
:10383000FF71C0E90241046184610320CDE9000405
:103840000120CDE902040F210491CDE90540CDE925
:10385000074169460948FEF743FB08B1FDF70FF839
:10386000099409A905480A94FEF790F9002801D0A7
:10387000FDF705F80CB010BD000C0040B4070020A7
:103880001CB500240E4800940C490194016053219A
:10389000C0E901144FF6FF718461C160FEF7BEF903
:1038A00008B1FCF7ECFF0094694605480194FEF767
:1038B0006DF9002801D0FCF7E2FF1CBD00100040AC
:1038C000FC0700201CB500240E4800940C4901940C
:1038D00001605321C0E901144CF24F318461C16091
:1038E000FEF79CF908B1FCF7CAFF00946946054849
:1038F0000194FEF74BF9002801D0FCF7C0FF1CBD76
:10390000001400404408002010B58CB02421684603
:10391000FCF7A2FC00241748099415490A94C0E951
:1039200000144FF6FF71C0E90241046144618461F3
:103930000320CDE900040120CDE902040F21049108
:10394000CDE90540CDE9074169460A48FEF7C8FAC6
:1039500008B1FCF794FF099409A906480A94FEF7F8
:1039600015F9002801D0FCF78AFF0CB010BD00004B
:10397000000401408C0800200C4810B50A49016081
:103980004FF4E1314160002181600C22C160C0E947
:1039900004128161C161FFF779F8002803D0BDE806
:1039A0001040FCF76CBF10BD001001407C090020E6
:1039B0000C4810B50A4901604FF4E1314160002123
:1039C00081600C22C160C0E904128161C161FFF70E
:1039D0005DF8002803D0BDE81040FCF750BF10BDD3
:1039E00000440040C40900200C4810B50A49016099
:1039F0004FF4E1314160002181600C22C160C0E9D7
:103A000004128161C161FFF741F8002803D0BDE8CD
:103A10001040FCF734BF10BD004800400C0A0020E5
:103A2000FEE7FEE71CB50FA10522D1E90001CDE9B3
:103A300000016946302000F0A9F8052269461020EF
:103A400000F046F8002069460A5CA52A03D1401C14
:103A5000C0B20528F8D3052801D001201CBD0020E4
:103A60001CBD0000A5A5A5A5A500000010B5164C1D
:103A7000002202212046FDF7E8F90F21202000F066
:103A8000AFF80121212000F0ABF80121222000F045
:103A9000A7F82821252000F0A3F80F21262000F008
:103AA0009FF82021312000F09BF8052207492A20A9
:103AB00000F06CF8012202212046FDF7C6F9BDE8AE
:103AC00010400120FDF7AAB8000C0240E77300087F
:103AD0002DE9F041DFF8408015460F4604460022EC
:103AE00004214046FDF7B1F921460C4800F0E2FA06
:103AF0000646002406E0FF21084800F0DBFA3855AE
:103B0000641CE4B2AC42F6D3012204214046FDF726
:103B10009CF93046BDE8F081000C02403C060020D4
:103B200070B50B4D0446002204212846FDF78DF99F
:103B30002146084800F0BEFAFF21064800F0BAFA14
:103B40000446012204212846FDF77FF9204670BD76
:103B5000000C02403C06002070B505460720FFF728
:103B6000DFFF04460146272000F03AF860060AD538
:103B7000202229466120FFF7ABFFFF21E22000F061
:103B80002FF8002070BD012070BD00002DE9F0412C
:103B9000DFF8448016460D460446002204214046C4
:103BA000FDF753F921460D4800F084FA074600243A
:103BB00007E000BF15F8011B084800F07BFA641C01
:103BC000E4B2B442F6D3012204214046FDF73DF9A8
:103BD0003846BDE8F0810000000C02403C060020A1
:103BE00070B50C4D0E460446002204212846FDF710
:103BF0002CF92146084800F05DFA04463146064893
:103C000000F058FA012204212846FDF71EF920464B
:103C100070BD0000000C02403C06002038B5114C7D
:103C20004FF47A7508E00C230FA215A11D4801F08E
:103C30001DF82846FCF7F2FFFFF7F4FE0094002879
:103C4000F1D10F2308A218A1164801F00FF8FFF7D1
:103C50000DFF112304A21DA11248009401F006F8E3
:103C600038BD0000EC7300082E2E5C436F72655C5B
:103C70005372635C6E726632346C30312E630000B6
:103C80005B25733A25645D5B25735D204E52463299
:103C9000344C303120636865636B206661696C2148
:103CA0000D0A0A00300000205B25733A25645D5B35
:103CB00025735D204E524632344C303120636865A6
:103CC000636B20646F6E650D0A0A00005B25733A12
:103CD00025645D5B25735D204E524632344C303195
:103CE000207278206D6F64650D0A0A0070B5064673
:103CF00086B00C46194802F08FFC601C01F060FD94
:103D0000054622463146FCF78EFA00202855144914
:103D1000124802F042FD18216846FCF79DFA22463F
:103D200010A1684600F0C0FF6B460A2208210B482C
:103D300002F00AFD0DA30A224021084802F004FD0A
:103D40002B4618220821054802F0FEFC034802F029
:103D50001BFD284601F03EFC06B070BD3C00002073
:103D6000D37400086C656E3A256400006275663A8B
:103D7000000000002DE9F047814686B00D4634482A
:103D800002F04AFC680800EB4004601C01F018FDDA
:103D9000804600260AE000BF06EB460101EB080062
:103DA00019F806202BA100F07FFF761CB6EB550F0B
:103DB000F2DB04EB08014FF0000A81F801A0601C5F
:103DC00001F0FEFC074600260BE000BF06EB5501A4
:103DD00006EB460019F8012038441EA100F064FFEC
:103DE000761CB6EB550FF1DBE119194881F801A0FB
:103DF0001A4902F0D2FC18216846FCF72DFA2A462F
:103E000017A1684600F050FF6B46102200211048B1
:103E100002F09AFC14A3102248210D4802F094FCF1
:103E20004346262200210A4802F08EFC3B463A22F5
:103E30000021074802F088FC054802F0A5FC404636
:103E400001F0C8FB384601F0C5FB06B0BDE8F087BD
:103E50003C000020253032582C000000D3740008AC
:103E60006C656E3A202564006B64723A00000000B5
:103E700010B5034802F0B6FBBDE8104000F002B8F0
:103E80003C00002010B50C4802F0C6FB0B490A4864
:103E900002F083FC0AA320220021074802F054FC10
:103EA00009A340221021044802F04EFCBDE8104056
:103EB000014802F069BC00003C000020F1810008CC
:103EC00058205475547500005374617274210000B9
:103ED0009FED030A80ED030A80ED040A704700009D
:103EE00000000000511A00EE101A90ED041A234A47
:103EF000F8EEC00A90ED000ADFED211A31EE201A2B
:103F000020EE200A80ED041A90ED012A22EE011A1B
:103F100011EE101A914203DDC1EE822AC0ED042A8F
:103F200011EE103A17499FED182A8B4205D9D0EDB2
:103F3000012A82EE223A80ED043AD0ED032A90ED78
:103F4000023A30EE010A70EEE22AC0ED030A63EE97
:103F5000222A30EE220A10EE100A904202DDB0EE64
:103F6000610A05E010EE100A884201D9B0EE420A5B
:103F7000BDEEC00A10EE100A704700000000FA44BF
:103F80000000FA440000FAC40000FAC470470000C0
:103F9000F8B515460E460B46009204460122022152
:103FA00000F02CF8A0B9134813490068B0FBF1F0F9
:103FB0004FF47A71484300906068B0F5827F0DD16C
:103FC0003346002280212046009500F017F870B19A
:103FD000606D40F0200060650320F8BD009830B1AE
:103FE000401E009020688068C0430006F6D500207F
:103FF000F8BD00002400002000366E012DE9F843D2
:104000001E46914688460446089DFCF723FF401B48
:10401000351AFCF71FFF074625480068C0F3CB3070
:10402000684338E0701C37D0FCF714FFC01BA8426F
:1040300003D215B1009860B32CE02068416821F0EC
:10404000E00141606068B0F5827F0BD1A068B0F5F7
:10405000004F02D0B0F5806F04D12068016821F0D4
:1040600040010160A06AB0F5005F09D120680168D5
:1040700021F4005101602068016841F400510160A1
:10408000012084F85100002084F850000320BDE88E
:10409000F8830025401E00902068816838EA0100FE
:1040A00004D000214945BDD10020F0E70121F9E706
:1040B000240000203EB5FF248DF80810012301AA3A
:1040C00002A90094FDF72AFC08B18DF804409DF880
:1040D00004003EBD7047FDF751B8000030B593B005
:1040E00030216846FCF7B8F814210CA8FCF7B4F8A6
:1040F0001D480025016841F080510160006800F012
:10410000805011901948016841F4804101600068B5
:10411000022400F4804011900120039010200490AC
:10412000009406940820CDE90750A820CDE90904A1
:1041300004200B906846FDF7A7F908B172B6FEE7B8
:104140000CA90F2081E831004FF4A0500F904FF4DC
:104150008050109005210CA8FDF7AAF8002801D086
:1041600072B6FEE713B030BD403802400070004028
:104170000248016841F470010160704788ED00E079
:1041800010B50448FEF70BF8BDE810400248FEF7F2
:1041900006B8000094060020D40800200148FDF76E
:1041A000FEBF0000DC0600200148FDF7F8BF00005C
:1041B000240700200148FDF7F2BF0000B4070020EB
:1041C0000148FDF7ECBF0000440800200148FDF75E
:1041D000E6BF00008C080020F0B50268294C2A4D8B
:1041E0002A4E2B4F2B4B4FF0804CA04209D06045FC
:1041F00007D0A84205D0B04203D0B84201D09842BF
:1042000004D122F0700E4A6842EA0E02A0421BD08E
:10421000604519D0A84217D0B04215D0B84213D08B
:10422000984211D01C4DA8420ED01C4DA8420BD074
:104230001B4DA84208D01B4DA84205D01A4DA842DC
:1042400002D01A4DA84203D122F44075CA682A430D
:104250004D6922F080022A4302608A68C2620A68BD
:104260008262A04201D0984201D109690163012113
:1042700041610169C90703D0016921F001010161B0
:10428000F0BD0000000001400004004000080040B4
:10429000000C004000040140004001400044014087
:1042A0000048014000180040001C00400020004071
:1042B00010B501F01F030121046A99408C43046288
:1042C000016A9A401143016210BD10B5846B01214F
:1042D000626A824205D12177C069F8B984F83E103C
:1042E0001CE0A26A824206D102222277C069A8B9E4
:1042F00084F83F1012E0E26A824206D1042222775B
:10430000C06958B984F8401008E0226B824205D198
:1043100008222277C06908B984F841102046FEF7C8
:10432000DFF80020207710BD10B5846B616A8142F0
:1043300001D101200DE0A16A814201D1022008E0F3
:10434000E16A814201D1042003E0216B814201D165
:10435000082020772046FEF7C4F80020207710BD03
:1043600010B5846B0121626A824203D1217784F8FF
:104370003E1019E0A26A824204D10220207784F81C
:104380003F1011E0E26A824204D10420207784F8D1
:10439000401009E0226B824204D10820207784F883
:1043A000411001E084F83D102046FDF7F6FE0020A4
:1043B000207710BD10B5846842EA032224F47F44BC
:1043C0000A432243826010BD826822F070020A43D1
:1043D00042F0070181607047F0B5036A026A22F07B
:1043E0000102026242688469124E24F073050C686F
:1043F0002C4323F002058B682B430D4DA84201D0BE
:10440000B04205D123F00807CB683B4323F00403F7
:10441000A84201D0B04205D14D6922F44072154343
:104420008A692A4342608461496841630362F0BD3E
:104430000000014000040140F0B5026A036A23F065
:1044400010030362436884690D6824F4E64444EA77
:1044500005248D6822F0200242EA05120F4D104E0D
:10446000A84201D0B04206D1CF6822F0800242EAD1
:10447000071222F04002A84201D0B04207D14D6994
:1044800023F4406343EA85038D6943EA850343606F
:104490008461496881630262F0BD00000000014050
:1044A00000040140F0B5026A036A23F480730362DA
:1044B0004368C46922F4007224F073050C68124E3C
:1044C0002C438D6842EA05220E4DA84201D0B0422D
:1044D00006D1CF6822F4006242EA072222F4806209
:1044E000A84201D0B04207D14D6923F4405343EABA
:1044F00005138D6943EA05134360C4614968C163CC
:104500000262F0BD000001400004014030B5046AC1
:10451000026A22F4805202624268C3690D6823F481
:10452000E64343EA05238D6824F4005444EA053445
:10453000084DA84202D0084DA84204D14D6922F48A
:10454000804242EA85124260C361496801640462A4
:1045500030BD0000000001400004014010B5036AB6
:10456000046A24F001040462846924F0F00444EA3B
:10457000021423F00A020A438461026210BD10B5DE
:10458000036A046A24F010040462846923F0A0031F
:1045900024F4704444EA023243EA01118261016268
:1045A00010BD00000D4900220B685A620A681368AA
:1045B00043F00103136009684A6A8242FCD3086A27
:1045C00041F21112104207D1086A9210104203D131
:1045D000086820F00100086070470000FC07002018
:1045E00010B5806B0021C185C184FEF715F910BD9F
:1045F00070B5846B2068406994F84110C0F3C01016
:104600000025212904D118B1E584204600F08EF858
:104610002068406994F84210C0F38010222904D128
:1046200018B1E585204600F05AF8606C40F01000A3
:1046300060642046FEF7F0F870BD10B50146806B4F
:10464000096809684FF00002C9052ED4C2850168C7
:104650000C3151E8003F23F4807341E80034002C12
:10466000F5D10168143151E8003F23F0010341E81E
:104670000034002CF5D10168143151E8003F23F0DB
:10468000400341E80034002CF5D1202180F842108D
:10469000016B012909D101680C3151E8003F23F079
:1046A000100341E80034002CF5D14263016B01296D
:1046B00002D0FEF71BFB10BD818DFEF774F810BD14
:1046C00010B5806B01214163016B012902D0FEF717
:1046D0000EFB10BD818D4908FEF765F810BD01681D
:1046E0000C3151E8002F22F4907241E80023002B96
:1046F000F5D10168143151E8002F22F0010241E8A0
:104700000023002BF5D1016B012909D101680C317F
:1047100051E8002F22F0100241E80023002BF5D1D0
:10472000202180F8421000210163704701680C319C
:1047300051E8002F22F0C00241E80023002BF5D100
:10474000202180F84110704708B590F842102229C6
:1047500001D0022008BD82684FF480539A4201D1F3
:10476000016921B1816A9A421BD04AB10AE002680C
:10477000816A5268C2F308020A80816A891C08E0D3
:10478000026972B10268526802F07F020A70816A9F
:10479000491C8162C18D491E0904090CC18503D0E1
:1047A0001BE002685268F1E70168CA6822F0200243
:1047B000CA600168CA6822F48072CA6001684A69E6
:1047C00022F001024A61202180F842100021416359
:1047D000026B012A03D0FEF789FA002008BD0163AD
:1047E00001680C3151E8002F22F0100241E800234B
:1047F000002BF5D101680A68D20602D50A6849681B
:104800000091818DFDF7CFFFE7E7000070B504460A
:1048100000680169E26821F4405111430161216996
:10482000A068E26908436169114308432168CA68C6
:1048300049F20C639A430243CA6020684169A26945
:1048400021F440711143416131492068884202D00E
:104850003049884202D1FCF7D5FD01E0FCF7C2FDEA
:10486000E2690023192164253226B2F5004F6268FF
:1048700028D0A0FB0101930F9200FBF7A3FC014697
:10488000B0FBF5F06FF01802504301EB800006EB2F
:104890000010B0FBF5F000F0F002B1FBF5F002EB18
:1048A0000012B1FBF5F06FF01803584301EB8000E4
:1048B00006EB0010B0FBF5F000F00F00216810448B
:1048C000886070BDA0FB010192185B41FBF77AFC88
:1048D0000146B0FBF5F00201B1FBF5F06FF01803F3
:1048E000584301EB800006EBC000B0FBF5F000F090
:1048F000F80002EB4002B1FBF5F0584301EB8000F9
:1049000006EBC000B0FBF5F000F00700D6E70000B2
:10491000001001400014014038B5816204468285D0
:10492000002013466064222284F84220E56B1B4A73
:10493000EA63E56B1A4A2A64E56B1A4AEA64E26B99
:1049400010650A462168E06B091DFCF72FF9206805
:10495000016840680090206948B120680C3050E838
:10496000001F41F4807140E80012002AF5D1206850
:10497000143050E8001F41F0010140E80012002A05
:10498000F5D12068143050E8001F41F0400140E8A4
:104990000012002AF5D1002038BD00003B46000877
:1049A000C1460008F14500082DE9F843984617462E
:1049B0000D460446089E24E0701C22D0FCF74AFAFB
:1049C000A0EB0800B0421AD8CEB12068C1684907F0
:1049D00017D5802D15D0402D13D00168C943090784
:1049E0000FD401680025406800902046FFF777FE4D
:1049F0000820606484F840500120BDE8F88303205B
:104A0000FBE72068006835EA000004D00020B842C7
:104A1000D2D00020F1E70120F9E7000010B50348EB
:104A2000FDF7FCFEBDE8104000F002B8C40900200C
:104A300038B5134800680168C943C9061FD4016826
:104A40000024406800900E48FDF7AEFE0C48903000
:104A5000006840684FF400410A48FCF7EEF9012174
:104A60000948FFF743F9084800F038FF06480122DB
:104A700001460470BDE838400148FEF729B938BD49
:104A8000C4090020001002401400002010B50348A3
:104A9000FDF7C4FEBDE8104000F002B80C0A00208B
:104AA00038B5184800680168C943C90628D40168A8
:104AB0000025406800901348FDF776FE1248006814
:104AC00040684FF40041C0F10A00C4B20F48FCF73F
:104AD000B4F90D482146CA30FFF74CF90A48CA30EC
:104AE00001F02CFB0848084968300A2240F8625F50
:104AF000CA3145600581BDE838400248FEF7E8B894
:104B000038BD00000C0A0020140B002000100240E9
:104B1000FEE7000010B500240023A0B21A46194693
:104B200000F010F8641C102CF6DBBDE810404FF4C8
:104B3000DE73024A08210248FDF738BD70020020EA
:104B40006C070020F0B500EB4000C500114C0020C0
:104B500002FA00F6360601D5462700E022272E1875
:104B600024F8167001FA00F73F0601D5462700E049
:104B7000222704EB4606378203FA00F73F0601D5E9
:104B8000462700E02227401CC0B237840828DFD324
:104B9000F0BD00007002002010B50024FF23A0B279
:104BA00000221946FFF7CEFF641C102CF6DB6420B0
:104BB000FCF734F800240023A0B21A461946FFF788
:104BC000C1FF641C102CF6DB6420FCF727F80024DE
:104BD000FF23A0B200221946FFF7B4FF641C102C7B
:104BE000F6DB6420FCF71AF800240023A0B21A4672
:104BF0001946FFF7A7FF641C102CF6DBBDE8104038
:104C00006420FCF70BB800002DE9F041154C20782A
:104C1000E0B160881E2801D300206080124E00257C
:104C2000A6F13C07A6F17808608816F8103017F84E
:104C3000102018F81010A8B2FFF784FF6D1C102D7B
:104C4000F2DB6088401C6080BDE8F0810024002316
:104C5000A0B21A461946FFF775FF641C102CF6DB4C
:104C6000F2E7000010000020727400080FB4024642
:104C700010B504A9034B039800F00CF910BC5DF8C3
:104C800014FB0000BD5500080FB4054B10B503A977
:104C9000044A029800F0FEF810BC5DF814FB000016
:104CA000BD550008300000200FB4084B10B504A912
:104CB00002AA039800F0EEF8044602A9002000F0D2
:104CC0006CFC204610BC5DF814FB00009B550008EE
:104CD0000907090E002804DB00F1E02080F8001429
:104CE000704700F00F0000F1E02080F8141D7047BD
:104CF00002E008C8121F08C1002AFAD170477047A5
:104D0000002001E001C1121F002AFBD17047000002
:104D10002DE9FF5F82B00021DDE90430020DDDF8EE
:104D200040B0034318D044F61050A2F2FF32424381
:104D30001514119801281FD0A5EB0B00401C5FEA49
:104D4000000A4FF000064E4FDFF83891B04650464B
:104D500015D5CAF1000413E0119801244AA30128D3
:104D600001D16FEA0B010298119AC0E90031C0E944
:104D7000024206B0BDE8F09FCBF10000DFE7044639
:104D80000021404A491842EB0450CDE9001012E0DE
:104D9000E00707D032463B4640464946FBF70EFB4C
:104DA0008046894632463B4610461946FBF706FBCD
:104DB00006460F466410002CEAD1DDE90401DDE966
:104DC0000023BAF1000F06DAFBF7F8FA42464B4629
:104DD000FBF7F4FA05E0FBF763FB42464B46FBF7B3
:104DE0005FFB04460E460022284BFBF785FC03D8E8
:104DF0004FF0FF30014607E00022254B20463146A8
:104E0000FBF735FAFBF75FFC102409E0002C0ADB06
:104E10000A220023FBF7D6F9039B30321A55641E91
:104E200050EA0102F2D1641C039AC4F11103144444
:104E3000119A012A03D0012208430DD10AE0084348
:104E400004D000204FF0110B119072E7A3EB0B057B
:104E50006D1E0DE05B4504DD4FF0000205F101051C
:104E600004E003DA4FF00002A5F10105002AECD0BE
:104E700002981199C0E90231C0E9004579E70000C4
:104E8000000014400000F03F300000000000F0433C
:104E90000000E03F2DE9FF4F95B09A468846064650
:104EA0000025EEE1252877D100242746F94A012183
:104EB000039400E0044316F8013F203B01FA03F09D
:104EC0001042F7D130782A2811D06FF02F033078B4
:104ED000A0F13002092A16D8039A44F0020402EB2A
:104EE000820203EB42021044761C0390EFE758F86D
:104EF000042B0392002A03DA504244F40054039036
:104F000044F00204761C30782E2816D116F8010FD2
:104F100044F004042A280DD06FF02F023078A0F15D
:104F20003003092B09D807EB870302EB4303C718AB
:104F3000761CF3E758F8047B761C30786C280FD089
:104F400006DC4C2817D068280DD06A2814D104E05C
:104F5000742810D07A280FD10DE044F400140AE030
:104F600044F4801401E044F440147278824202D187
:104F700004F58014761C761C307866280BD013DC80
:104F8000582877D009DC002875D04528F6D0462867
:104F9000F4D047281AD193E118E0632835D064286B
:104FA00079D0652812D18BE1702873D008DC67288E
:104FB000F1D069286FD06E280DD06F2806D1ACE0F3
:104FC00073282CD0752874D0782853D0524617995E
:104FD00090476D1C54E1C4F30250022809D0032805
:104FE0000DD0D8F8001004280DD00D6008F1040889
:104FF00046E1D8F80010EA17C1E90052F6E7D8F800
:1050000000100D80F2E70D70F0E718F8041B8DF822
:10501000001000208DF80100EB46012003E058F855
:1050200004BB4FF0FF3061074FF0000102D40DE0E8
:1050300009F101018946B9420FDA8145F8DB1BF815
:1050400009100029F4D108E009F1010189468142E3
:10505000FADB1BF809100029F6D103985346A0EBA0
:10506000090721463846179A00F080FA284400EBD9
:10507000090507E044E008E10DE01BF8010B52468A
:1050800017999047B9F10109F7D25346214638469E
:10509000179AF2E039E00A21C4F302524FF0000BF4
:1050A0000091022A06D058F8040BC117032A09D030
:1050B0000AE023E008F1070020F00702F2E802010D
:1050C000904605E000B2C117042A01D140B2C117D1
:1050D000002906DA0A460021404261EB02012D2236
:1050E00002E0220504D52B228DF80420012203E0E2
:1050F000E20701D02022F7E7914657E00A2100E0BD
:1051000010214FF0000B00910BE010214FF0000B2D
:1051100044F004040827009103E008204FF0000B3E
:105120000090C4F30252022A05D058F8040B002163
:10513000032A08D008E008F1070020F00702F2E88F
:105140000201904603E080B2042A00D1C0B24FF0C1
:10515000000922072AD53278702A07D0DDF800C06E
:105160008CF0100C5CEA0B0C05D00EE040228DF8A0
:105170000420012208E050EA010306D030238DF814
:1051800004308DF8052002229146009B83F008032D
:1051900053EA0B030AD150EA010201D1620705D597
:1051A00030228DF804204FF001097F1E3278582AF2
:1051B00004D039A20C920CAA02920BE03BA2F9E7B0
:1051C0005B46009AFAF7FEFF0C9B9B5C029A521E0C
:1051D0000292137050EA0102F2D1029804A9081A4F
:1051E00000F1200B600702D524F4803400E0012791
:1051F0005F4502DDA7EB0B0000E0002000EB0B0198
:10520000009003984944401A0390E00306D45346A3
:105210002146179A039800F0A9F90544002706E0F3
:1052200001A85246C05D179990476D1C7F1C4F45E1
:10523000F6DBE0030CD553462146179A039800F09D
:1052400095F9054404E030205246179990476D1CAB
:105250000099481E00900029F5DC08E002980299A8
:1052600052460078491C0291179990476D1CBBF17A
:105270000001ABF1010BF1DC5BE100F065F90544E5
:10528000761C307800287FF40DAE19B02846BDE8B2
:10529000F08F0000092801003031323334353637C1
:1052A0003839616263646566000000003031323372
:1052B0003435363738394142434445460000000012
:1052C000600700D4062708F1070020F00700F0E887
:1052D0000223804603F0004C5FEA0C0001D097A047
:1052E00009E0200501D596A005E0E00701D095A0D2
:1052F00001E0AFF24C001390307823F000436528B2
:105300000CD006DC452809D046281DD047287FD17F
:105310003BE0662818D067287AD136E00021112FAB
:1053200001DB112000E0781CCDE9000104A90CA8E4
:10533000FFF7EEFCDDE90D010C9A4FF0000B07F1D1
:105340000109109200914EE04FF000400097CDE926
:10535000011004A90CA8FFF7DBFCDDE90D020C9B92
:105360000F994FF0000B91461093009211B9791CE0
:1053700000EB0109B7EB090003D4C0F1FF3B07F1D3
:105380000109A9EB0700019042E0012F00DA012793
:105390000021112F01DD112000E03846CDE9000188
:1053A00004A90CA8FFF7B4FCDDE90D010C9A0091EB
:1053B0004FF0000BB946109221070FD4009A4A45CE
:1053C00003DA914601E0A9F10109B9F1010F05DD08
:1053D000109AA9F10101515C3029F4D0B84202DAE7
:1053E00010F1040F03DA0121CDE9011010E00028CB
:1053F00003DC8344A9EB000102E0411C494500DDC8
:105400008946A0EB0B00401C01904FF00040029039
:10541000200705D40198484502DB4FF0FF3001908A
:1054200000208DF84B0002980DF14B07B0F1004FB2
:1054300025D002200C902B200D90029800280CDA29
:10544000404202902D200D9007E00A210298FBF7C0
:1054500096F83031029007F8011D0C99481E0C9007
:105460000029F2DC02980028EFD1791E0D9808700F
:10547000307800F0200040F0450007F8020D11A838
:10548000C01BC01D02901398007800B1012000EBF2
:105490000901019801EBE071029801440398401A58
:1054A000401E0390E00306D453462146179A039802
:1054B00000F05CF805441398007818B1524617992B
:1054C00090476D1CE00323D553462146179A039855
:1054D00000F04CF805441BE0BBF1000F07DB00981F
:1054E000584504DD1098179910F80B0001E0179942
:1054F00030205246904701980BF1010B401E05F1F8
:105500000105019004D12E205246179990476D1C39
:10551000B9F10001A9F10109DEDC05E017F8010B82
:105520005246179990476D1C0299481E0290002917
:10553000F4DC53462146179A03989EE62D0000009E
:105540002B000000200000002DE9F041044600255A
:105550001E461746880404D405E039462020B0478B
:105560006D1C641EF9D52846BDE8F0812DE9F04197
:10557000044600251E469046C80301D5302700E0AA
:105580002027880404D505E041463846B0476D1C05
:10559000641EF9D52846BDE8F0810A68531C0B60EB
:1055A0001070704700220121435C491C1A44C9B2A3
:1055B000D2B20F29F8D3521CD0B2704713B54FF4B2
:1055C0007A73012269460248FDF792FB00981CBDE0
:1055D0007C09002010B5002821D0114B0022001FAB
:1055E000196803E0814203D80A4649680029F9D1C5
:1055F00052B11368841A9C4204D1006818441060A8
:10560000104602E0506000E0186039B102680B1AE1
:10561000934203D10B681A4402604968416010BD8F
:10562000340000208EB0FBF7B1FD6420FBF7F6FAE2
:10563000FEF754FDFDF7ACFEFDF774FEFDF7CCFF61
:10564000FEF732F8FEF766F8FEF7E4F8FDF766FFBE
:10565000FEF792F9FEF714F9FEF756F9FEF7C4F9D2
:10566000FEF730F9FEF7A4F9FDF79CFFFDF776FF92
:10567000FEF786F801F08CFEFEF7FAFBFBF78AF8DE
:10568000FFF748FAFDF78EFBFEF7C8FA00F09AFC28
:1056900000F05AFB4FF47A70FBF7C0FAFBF766F89C
:1056A000FFF77AFA2D4F96232DA232A13A480097A0
:1056B000FFF7DCFA00242546264664220023204614
:1056C0002946FAF77FFD1A4306D14FF400613348AB
:1056D000FBF7B3FB00F0ECF832220023204629460A
:1056E000FAF770FD1A4301D1FFF78EFA0522002365
:1056F00020462946FAF766FD82F00100184326D1BC
:1057000001A800F056FF0DF11A00FEF725FA10B1BE
:10571000102E10D90CE001A800F007FF70B1D723BC
:105720000FA21FA11C480097FFF7A0FA0C2E02D968
:1057300000F0E4FA0BE0761CB6B208E0002601A9FE
:105740000BA800F0D3F9DDE90B0100F01DF90A20E8
:10575000FBF764FA641C45F10005AEE7AE7400087F
:105760002E2E2F436F72652F5372632F6D61696EFA
:105770002E6300005B25733A25645D5B25735D2015
:105780006C6974746C6520747574752073746172BF
:1057900074210D0A0A00000030000020000C0240B5
:1057A0005B25733A25645D5B25735D20726320641D
:1057B00065636F6465206661696C210D0A0A0000EB
:1057C000F0B50B30154D20F007010024144A0FE00E
:1057D00003688B420BD38B4205D95E1A4318476886
:1057E000C3E9006700E04368136002C004E0021DE3
:1057F00010680028ECD12046002802D1286808B1A2
:105800000020F0BD064A07481060074A121A22F02D
:105810000702C0E9002401202860D7E738000020F3
:1058200034000020EC0F0020E81300200649A1F806
:1058300044000649A1F844000549A1F8440005497F
:10584000A1F844007047000050010020980100209A
:10585000E001002028020020064A4142A2F844103C
:10586000054AA2F84400054AA2F844000448A0F8FA
:10587000441070475001002098010020E0010020F2
:1058800028020020064A4142A2F84410054AA2F824
:105890004400054AA2F844100449A1F844007047A6
:1058A0005001002098010020E00100202802002083
:1058B000094810B5007858B1FDF77CFA80B2B0F510
:1058C000967F05D2FAF74AFFBDE8104000F016BAFD
:1058D000BDE81040FAF73ABF0200002029490378DA
:1058E000B1F90620372B26D00DDC2648A3F1310371
:1058F000062BC088C0F1000000B211D2DFE803F02F
:105900001213151618190020622B24D004DC382B32
:1059100015D0612B04D11AE0632B22D0642B27D041
:1059200000F0ECB91046FFF781BF1046FFF794BFB7
:105930001046FFF7A7BF02F5FA72CA807047A2F5BA
:10594000FA7212B2CA80002AF8DAC8807047034699
:1059500062F30F0302E0034662F31F430146184659
:105960000EE0C82192FBF1F2014662F30F0107E05D
:10597000014662F30F0002EBD272521062F31F4035
:1059800000F002B8020000202DE9F0411C4F06B2E1
:105990000DB204148EB984B97DB9B7F8460060B968
:1059A00007F13000FEF794FA1648FEF791FA164810
:1059B000FEF78EFA1548FEF78BFA311B6FF01A00CE
:1059C00015FB00F001EB8002A7F8442005EBC502AF
:1059D000331902EB420203EB82040A4D03EB800011
:1059E000094B303D303BA5F84440A3F8440001EB9F
:1059F000820006493039A1F84400BDE8F08100007A
:105A000050010020C8010020100200205802002090
:105A1000AFF300802DE9F05F304C04F13008B4F8AA
:105A2000441029B9B4F8460010B94046FEF750FAC0
:105A30002B4D05F13009B5F8441029B9B5F84600E9
:105A400010B94846FEF744FA264E06F1300AB6F879
:105A5000441029B9B6F8460010B95046FEF738FA96
:105A6000214F07F1300BB7F8441029B9B7F84600B9
:105A700010B95846FEF72CFA34F9442F4046B4F9D1
:105A80000210FEF72FFA35F9442F04B2B5F90210CF
:105A90004846FEF727FA36F9442F05B2B6F9021048
:105AA0005046FEF71FFA37F9442F06B2B7F9021035
:105AB0005846FEF717FA07B22146084800F018FDCD
:105AC0002946074800F014FD3146064800F010FD55
:105AD0003946BDE8F05F044800F00ABD50010020DF
:105AE00098010020E0010020280200202DE9FC415F
:105AF0008046887B0C464FF44875082618B14FF451
:105B0000FA75062604E0E07B10B140F24C450A2607
:105B1000A17A744829B102791AB9027832B1002207
:105B20000270E37A4BB1827812B106E00122F7E706
:105B30006D4A177837B100271770227B42B1C778BA
:105B400017B105E00127F7E7477857B100274770FD
:105B500001718370C27041786448654F19B10122A8
:105B600002E00127F3E700224021FBF76EF9002253
:105B700004213846FBF769F9207CA8B36088C0F59A
:105B8000006000EE100AF8EEC00A9FED5A0A20EEFF
:105B9000801A00EE905AF8EE600A61EE200AFDEEDF
:105BA000E00A10EE900AADF800002088C0F5006011
:105BB00000EE900AF8EEE00A20EE801A00EE905A0D
:105BC000F8EE600A61EE200AFDEEE00A10EE900A9F
:105BD000ADF80200E088C0F5006000EE900AF8EE33
:105BE000E00A60EE800A4EE0FFE7607CF0B394F9D3
:105BF00013006FF05903984201DA184602E05A2860
:105C000000DD5A2094F914209A4201DA1A4602E083
:105C10005A2A00DD5A2294F91510994201DA1946E0
:105C200002E05A2900DD5A2100EE100AF8EEC00AFF
:105C30009FED310A80EE801A00EE905AF8EE600A6D
:105C400061EE200AFDEEE00A10EE900AADF80000C9
:105C5000504200EE900AF8EEE00A80EE801A00EE64
:105C6000905AF8EE600A61EE200A00E017E0FDEEBF
:105C7000E00A10EE900A00EE901AADF80200B8EEBD
:105C8000E01AC1EE000A00EE106AB8EE400A20EEFB
:105C9000800ABDEEC00A10EE100AADF80400BDF98E
:105CA000000000F03DFC0021142801D8ADF80010E0
:105CB000BDF9020000F034FC142801D8ADF8021040
:105CC000BDF9040000F02CFC022801D8ADF8041046
:105CD0000099C8F80010BDF80410A8F80410BDE839
:105CE000FC81000002000020100000200010024093
:105CF000000002400000003A0000B44210B508A0C5
:105D0000FEF7C2FF0C490020A1F844000B49A1F89E
:105D100044000B49A1F844000A49A1F8440010BD11
:105D20006D6F74696F6E5F636F6E74726F6C5F73AB
:105D3000746F700D0A0000005001002098010020CF
:105D4000E0010020280200202DE9F0411D4D042132
:105D5000E869FCF7DBF905F148060421F069FCF776
:105D6000D5F905F190070421F869FCF7CFF905F1A1
:105D7000D8080421D8F81C00FCF7C8F9E8696FF0CE
:105D8000010400680461F06900680461F869006852
:105D90000461D8F81C0000680461E869FBF7DAFFC9
:105DA000F069FBF7D7FFF869FBF7D4FFD8F81C00C0
:105DB000FBF7D0FF044800680461BDE8F0410248E9
:105DC000FBF7C8BF500100204408002017490068B5
:105DD000CA6913684FF40042984204D15B6A0846CE
:105DE00009E00885704711494831CB691B68984222
:105DF00007D15B6A08469342B0F9280013D2401CD1
:105E0000EFE70A499031CB691B68984202D15B6A7F
:105E10000846F0E70549D831CB691B689842E1D1C3
:105E20005B6A0846E7E7401EDBE700005001002000
:105E3000614910B5CA6910680068C043C00601D541
:105E4000022000E0032001F8200F1068406A0B894F
:105E5000F2EE060A00EB034000EE100AFBEE0E3AEB
:105E6000B5EE002AB8EEC00A80EE201A81EE230AB1
:105E700020EE020ADFED511A20EE210A9FED501AA2
:105E8000486060EE012AB3EE040A62EE802AC1ED9A
:105E9000032AFDEEE22A12EE900AC884126800205E
:105EA0005062088144494831CA6913681B68DB4362
:105EB000DB0601D5022300E0032301F8203F13682D
:105EC0005B6A0C8903EB044302EE903A4B60B8EE38
:105ED000E23AC3EE202AB3EE0E3A82EE834A64EE33
:105EE000022A62EEA12A62EE812A62EE802AC1EDC8
:105EF000032AFDEEE22A12EE903ACB841268506239
:105F000008812D499031CA6913681B68DB43DB06A1
:105F100001D5022300E0032301F8203F13685B6AE8
:105F20000C8903EB044302EE903A4B60B8EEE24A70
:105F3000C4EE202A82EEA34A64EE022A62EEA12A6F
:105F400062EE812A62EE802AC1ED032AFDEEE22A8A
:105F500012EE903ACB841268506208811649D8310B
:105F6000CA6913681B68DB43DB0601D5022300E026
:105F7000032301F8203F13685B6A0C8903EB044399
:105F800002EE903A4B60F8EEE23AC3EEA02AC2EE7F
:105F9000830A60EE820A60EEA10A60EE810A20EEBA
:105FA000800A81ED030ABDEEC00A10EE103ACB84E0
:105FB00012685062088110BD50010020DA0F49407C
:105FC000000082422DE9F041504F0020504A3870C5
:105FD00078707A601020BA60B8812020F88101239F
:105FE0004C4800213B61C7E905014B49F96100219B
:105FF0003985A7F84410A7F8461007F14804474927
:106000002370637061608D14A160A5810D15E58119
:106010000025C4E90450424D4FF0040CC4E906C504
:1060200000252585A4F84450A4F8465004F14805FD
:1060300002262E706E706A60AA600822AA81A5F8F6
:106040000EC02B61C5E90502364AEA6100222A85A5
:10605000A5F84420A5F8462004F1900603223270EA
:1060600072707160B1609903B1814910F1810C21A6
:10607000C6E905012C49F16100213185A6F84410DB
:10608000A6F84610FCF72EFAD4E90501FCF72AFA27
:10609000D5E90501FCF726FAD6E90501FCF722FA55
:1060A0000121384600F024FA0121204600F020FAB0
:1060B0000121284600F01CFA0121304600F018FAB0
:1060C0009FED1D0ADFED190A87ED0F0A87ED100A13
:1060D0009FED171ADFED171A3037C7EC030A84ED6E
:1060E0000F0A84ED100A3034C4EC030A85ED0F0A60
:1060F00085ED100A3035C5EC030A86ED0F0A86EDF2
:10610000100A3036C6EC030ABDE8F08150010020C9
:106110000010024094060020B4070020000C02404A
:10612000DC060020240700208C0800203333B33E17
:106130006666263FCDCC4C3E000000002DE9F04FB6
:10614000C1B0A84C079000208DF8200094ED0C0AF7
:1061500004F148058DED200A95ED0C0A04F1900636
:106160008DED210A96ED0C0A04F1D8078DED220A77
:1061700097ED0C0A0DF1880C8DED230A94ED0D0AB4
:106180000DF198098DED240A95ED0D0A0DF18008A9
:106190008DED250A96ED0D0A21AA8DED260A97EDC3
:1061A0000D0A23AB8DED270A94ED0E0A0DF1900A2E
:1061B0008DED280A95ED0E0A27A98DED290A96ED99
:1061C0000E0A8DED2A0A97ED0E0A8DED2B0AB4F911
:1061D000440000EE100AB8EEC00A8DED2C0AB5F9A5
:1061E000440000EE100AB8EEC00A8DED2D0AB6F993
:1061F000440000EE100AB8EEC00A8DED2E0AB7F981
:10620000440000EE100AB8EEC00A8DED2F0AB4F972
:10621000460000EE100AB8EEC00A8DED300AB5F95E
:10622000460000EE100AB8EEC00A8DED310AB6F94C
:10623000460000EE100AB8EEC00A8DED320AB7F93A
:10624000460000EE100AB8EEC00A8DED330ACDF814
:10625000FCC00DF1940CCDF8EC90CDE939AC0DF10A
:10626000AC0C0DF1B00BCDF8E0C0CDF810B00DF1D5
:10627000A00A0DF1A409CDE935A90DF1B809CDF8B1
:1062800018900DF1BC0ACDF8D0A00DF1C00B0DF1A6
:10629000C40C0DF1C8090DF1CC0ACDE9029ACDE983
:1062A00000BCDDF8FCC0CDE90982CDE90BC339AAF9
:1062B0002AA892E80016CDE90FC1CDE90D9ADDE9D3
:1062C00035A9CDE91290CDF844A0DDF8E0C0DDF8A5
:1062D000D0A0CDF850C0DDF81890DDF810B0CDE9B1
:1062E000179A0DF1B40ECDE915BE9DE8001E1EA84B
:1062F000C11ECDE904101FAA06921DAB11AA03937B
:10630000009219A815A9CDE9011019A90DAB81E8D2
:10631000001E09AA08A930343035303630370798C6
:10632000FCF720FF159890ED000ABDEEC00A10EEB4
:10633000100AA082159890ED000ABDEEC00A10EE7A
:10634000100AA882159890ED000ABDEEC00A10EE62
:10635000100AB082159890ED000ABDEEC00A10EE4A
:10636000100AB882099890ED000A84ED000A0A9894
:1063700090ED000A85ED000A0B9890ED000A86ED7D
:10638000000A0C9890ED000A87ED000A0D9890ED38
:10639000000A84ED010A0E9890ED000A85ED010ACD
:1063A0000F9890ED000A86ED010A109890ED000A12
:1063B00087ED010A119890ED000A84ED020A129807
:1063C00090ED000A85ED020A139890ED000A86ED23
:1063D000020A149890ED000A87ED020A41B0BDE868
:1063E000F08F00005001002070B50546012909D04A
:1063F000022902D0032907D101E0012203E0002293
:10640000012401E000220024286910B11046224630
:106410000446A9896868FAF718FDE9892246A86840
:10642000BDE87040FAF711BDFEB5054640690C465F
:106430000068C66AB1420ED9324611A0FEF724FCAC
:1064400019484FF496738DE8510018A21CA12748F3
:10645000FEF70CFC3446A86938B1042809D0082896
:106460006869006809D00464FEBD68690068446317
:10647000FEBD686900688463FEBDC463FEBD0000A4
:106480007761726E696E673A206D6F746F725F73B9
:1064900065745F70776D3A202564206F75746F6640
:1064A0002025640D0A000000D47300082E2E5C43E2
:1064B0006F72655C5372635C6D6F746F722E6300F4
:1064C0005B25733A25645D5B25735D206D6F746F8A
:1064D000725F7365745F70776D3A202564206F7505
:1064E000746F662025640D0A0A0000003000002049
:1064F00070B50C1E054604DD0221FFF775FF21462D
:1065000009E004DA0321FFF76FFF614203E0012194
:10651000FFF76AFF00212846BDE87040FFF784BFFF
:10652000002800DA404280B2704710B50446807DF2
:10653000502804D104F11600FFF734F808B1012007
:1065400010BDB4F8170040BA24F8030BE08A40BA33
:1065500024F8010C208B40BAA4F80300608B40BAE9
:10656000A4F80500207FC1096170C0F38011E171BA
:10657000C0F340112172C0F300106072607FC10946
:10658000A172C0F38011E172C0F340112173C0F316
:1065900000116173C0F3C001A173C0F38000E07308
:1065A000A07F2074E07F607494F82000A074002025
:1065B00010BD002101804180C18001810171817283
:1065C000C172017341738173C17301744174817429
:1065D000C1740175417500228318521C99750F2AE8
:1065E000FADB704710B50446084B094A094900F028
:1065F0001DF9204600F069FC0021204600F075FCE2
:106600002046BDE8104000F007B80000E572000821
:106610008D6F000848A60008016890F83820097CB2
:1066200012FB01F1C900406BF9F716BE2DE9F041EC
:10663000044690F870001F4615460E4630B10128FA
:1066400009D002280CD0032815D10FE0E16D2046B7
:106650008847284408E0E16D20468847301A09E061
:10666000E16D20468847281A85B204E0E16D204696
:106670008847304486B22846A4F86460A4F86600CF
:1066800039460025204600F0C7FA010003D0204615
:1066900000F0F2F985B22846BDE8F0813FB581B03F
:1066A000044690F88C00089900283AD0BDF81000F4
:1066B000002836D0012811D9022902D0032907D099
:1066C0000CE0BDF80820101A401CADF8080005E0E9
:1066D000BDF80C20101A401CADF80C0011F001059B
:1066E00021D0B4F84810BDF80800814219D8B4F898
:1066F0004A10814215D9B4F84E30B4F84C2004A9A0
:106700000DF10C0000F02AF900280AD00095206B4A
:10671000BDF81030BDF80C208568BDF80810204683
:10672000A84705B030BDB4F84C10BDF80C0081424C
:10673000F7D8B4F84E108142F3D9B4F84A30B4F81F
:10674000482004A902A8DDE730B4024C446030BC04
:1067500000F031B9516F000870B50D461E46044671
:10676000B0F84E10B0F84C00049B00F0B2FA0028CC
:1067700009D0B4F84A10B4F8480033462A46BDE8B8
:10678000704000F0A6BA70BD10B5044600F031FBB1
:106790002046BDE8104000F0A0BB10B50446806D57
:1067A000884209D004F17400A16500F0EDFA20469A
:1067B000BDE8104000F056B810BD00000149C165A9
:1067C000704700002D6A00080021A0F85010A0F8C2
:1067D00054104FF6FF71A0F85210A0F85610016B3C
:1067E0004968084770B5044600250498A565E3622A
:1067F000616384F8382084F8395084F86D5084F847
:10680000915084F88D50012184F8921084F89310EF
:1068100020630168204688472046FFF7D5FF2046C1
:10682000FFF7CCFF84F8705070BD00007CB50C46BB
:10683000009313460546084A084900F05EFB01A88C
:1068400000F09CFA0146064B00949DF8042028466F
:10685000FFF7C8FF7CBD0000B5700008DD710008BF
:10686000ED6C000810B5816D00291AD090F98130C7
:1068700080F88E3090F9822080F88F2090F88D106B
:1068800000290ED001290DD090F97E4090F980109A
:106890000C449C4201DD80F88E408A4201DD80F884
:1068A0008F1010BD90F983108B4201DA80F88E10A2
:1068B00090F98410F1E72BB1012B05D0022B06D003
:1068C000104402E0084400E0801A80B27047401A89
:1068D000FBE72BB1012B05D0022B06D0401A02E0BA
:1068E000104400E0084480B27047801AFBE738B5D6
:1068F0000446B0F856000090B4F85230B4F8542072
:10690000B4F850102046FFF727FF18B3012084F891
:106910008C00B4F84810B4F85000814201D2A4F8B9
:106920004800B4F84A10B4F85200814201D9A4F8E2
:106930004A00B4F84C10B4F85400814201D2A4F8D3
:106940004C00B4F84E10B4F85600814201D9A4F8B6
:106950004E0038BD002084F88C0038BD30B5048866
:106960000D882544ADB2AC4205D99C4202D25D1ED1
:10697000ADB200E014469C4201D2954201D80020FD
:1069800030BD944200D214469D4200D91D46048079
:10699000281B0880012030BD38B5C58F049C0094A9
:1069A000521BC46A92B2A04738BD38B5049C00940B
:1069B000FFF7F2FF38BD2DE9F0471C4691468846A7
:1069C000064600F0E0FC00254FF6FF77726821785C
:1069D000304690470346B84225D0641CA3F57F405B
:1069E000FE38F3D04A4641463046FFF71FFE96F880
:1069F000701031B1012907D0022908D003290FD125
:106A00000AE008EB000104E009EB000106E0A8EB56
:106A100000011FFA81F803E0A9EB00011FFA81F9D8
:106A2000284485B2D2E72846BDE8F08700207047A9
:106A300010B50C4600F006F80122641EA240801A30
:106A400040B210BD30B50568047B2A78E240631877
:106A5000DBB2082B09D36D1C05602D78C4F1080446
:106A6000A5401543083BEAB2DBB201248C40641E0A
:106A700014400373204630BD2DE9F843054600F16C
:106A8000600400F00CF915F96B6F2046E97BFFF705
:106A9000CFFF8146297C2046FFF7CAFF0746697C65
:106AA00020466B3DFFF7C4FF804694F90A0000289A
:106AB00057DDF019404247B2237CA0883A46494648
:106AC000FFF7F9FEA080237C3A46E0884946FFF7AD
:106AD00000FFE080A188277C02460B4637B1012FDA
:106AE0000AD0022F40D0032F0FD146E094F90A704C
:106AF00030443B449BB207E0891B491C94F90A705F
:106B00005B1C89B29BB2384480B200902846FFF7E4
:106B100023FE30B30020207284F8090095F8761027
:106B20002046FFF78FFF814695F877102046FFF744
:106B300089FF074600224946284600F027F801222F
:106B40003946284600F022F801212046FFF77AFF57
:106B50000028EFD194F90900B042DFDBA07B85F873
:106B600092004046BDE8F88394F90A705B1CC91B8B
:106B7000491C89B29BB2921B04E094F90A70334419
:106B80009BB2D21B521C92B2401CBDE72DE9F74FBD
:106B900084B00D46049C94F8687094F86980603461
:106BA000A07AC01BC6B20196B54200D201954FFA39
:106BB00088F279B2A088B4F806B0237C9246894660
:106BC000FFF779FE0290237C524649465846FFF76C
:106BD00080FE0246069808B1A17B02E0607B50B9B6
:106BE000E17B049880F89210207C0090DDE901316F
:106BF0000498FFF753FDB54207D3A81BC5B208F1AF
:106C00000100002700F0FF08CAE77819207284F815
:106C1000098007B0BDE8F08F70B50D460146806D64
:106C20001730FF2D10D8612D02D3B1F8881003E082
:106C3000412D02D3B1F886100844417819B3027887
:106C4000AA42F9D1801C70BDB1F88A100C182646F2
:106C50000021304600F019F804440221304600F0CB
:106C600014F8361DA842F3D34FF6FF72207802EADB
:106C700000216078084306D0A84201D1E01C70BD15
:106C8000A0780444F2E7002070BD08444FF6FF727C
:106C90000178407802EA0121084480B2704730B59B
:106CA000054600F1600401660020207315F8781F86
:106CB0002046FFF7C7FEA07269782046FFF7C2FEA4
:106CC000E072A87EA07310B10020E07330BD0120F7
:106CD000FBE78A4205D2834201D89A4203D90120B8
:106CE00070478342F9D8002070470000F0B502F0E9
:106CF00007060124B440002590F892E0E7B2DDF8E1
:106D000014C02C46BEF1010F01D83D4600D03C46D0
:106D1000076822F00702BCF1000F3F7C07FB02F777
:106D2000BAB2476B3A44114409D108785B1E284334
:106D300060401B0401F8010B1B0CF6D1F0BD0A7872
:106D4000761C2A436240A3F101030A7016F007067D
:106D50009BB206D06A06150E6206140E002BEED109
:106D6000F0BD428F114490F89220012A03D800BF51
:106D70004FF00105F2D04FF00104EFE70821017058
:106D800000487047E80B002070B505460878287069
:106D9000487868708878A870C878E8700879287191
:106DA0004879687188790C46A871E079E871207A91
:106DB0002872607A6872A07AA872E07AE872207B02
:106DC0002873607B6873A07BA873E07BE873207CEA
:106DD000287411212046FFF758FF688213212046AE
:106DE000FFF753FFA88215212046FFF74EFFE882E8
:106DF00070BD2DE9F843064690F8387090F8395088
:106E0000006800244FF6FF7890F811903168304602
:106E10002A460B7C716B04FB03FC1FFA8CFC08EA0E
:106E2000CC0C61440091002100F040F8641C6D1C02
:106E3000E4B2EDB2BC4201D24D45E7D3BDE8F883E0
:106E4000F0B590F838204FF6FF75036805EAC201E7
:106E50008187197C05EAC101418790F8394005EA2C
:106E6000C401C1875E7CA718B74201D9321B92B218
:106E700005EAC20220F8401F11444180998A8180AE
:106E8000D98AC180F0BDFFF7DBBF0021A0F8481010
:106E9000B0F84410A0F84A10B0F84010A0F84C1018
:106EA000B0F84210A0F84E10FFF721BD1CB58DF8C8
:106EB00005108DF80620049C8DF804300094012202
:106EC00084686B460F21A0471CBD30B48468002342
:106ED000A44630BC1A460A21604730B484680023B7
:106EE000A44630BC1A461021604730B484680023A1
:106EF000A4460A4630BC0B2160472DE9F0411546F7
:106F00000E460446069F00F009F86761A660C4E9D2
:106F100003532046BDE8F04100F012B8002140F8CC
:106F2000081B064A026042608260C260C1768177B7
:106F30000161FF21017780F820107047E17200089D
:106F400030B484680023A44630BC1A460921604747
:106F5000080001D00A2801D14FF6FF70704730B405
:106F600004690023A44630BC1A461921604713B5B2
:106F70000122046901AB1721A0471CBD30B404698C
:106F80000023A44630BC1A461821604738B518487B
:106F900018290DD004DC142907D0172923D10AE0C1
:106FA000192916D020291ED11FE0FCF7B7FA1CE0E2
:106FB0000021017019E00F4C08E000BF017813F8C0
:106FC000015B6554491C521E0170D2B2002AF5D1F2
:106FD0000BE04FF47A7100910378064A7821064855
:106FE000FAF702F808B1002038BD012038BD0000D2
:106FF00000000020D0000020E805002030B4C46864
:107000000023A44630BC1A461921604730B4C46836
:107010000023A4460A4630BC1621604730B4C46839
:107020000023A4460A4630BC1521604730B4C4682A
:107030001346A4460A4630BC17216047F8B50C46F3
:107040004FEA000514F8011B182924D00EDC15297D
:1070500019D0162917D0172923D120788DF80000D0
:107060006A4601212846FFF7E1FF0AE0192912D0FC
:10707000FE2916D122788DF800202921284600F01B
:1070800066F9641CDEE722788DF80020EE680023A4
:107090002846B047F5E70023EE681A462846B04771
:1070A000D0E7F8BD30B4C4680023A44630BC1A460B
:1070B000182160472DE9F041DFF8B08014460646FC
:1070C000A1F11402002798F800001D46062A4AD2B2
:1070D000DFE802F02F03161B3E4310B13046FFF7E6
:1070E0003EFF3046FFF74AFF00213046FFF73FFFE3
:1070F00021463046FFF73BFF012088F8000029E0D9
:1071000021463046FFF733FF24E050B13046FFF709
:1071100026FF06E01821304600F01FF9183CE4B2C3
:107120001835182C2A46F5D82146304600F015F9B6
:107130000EE096F82400FF2802D1782086F824007B
:1071400037692B4622463046BC46BDE8F0416047D1
:1071500088F800700120BDE8F0810028F8D03046A2
:10716000FFF7FDFEF4E70020F5E70000280000200F
:1071700070B50023456904461A462821A847002314
:10718000E5681A4614212046A84701224B212046D3
:1071900000F0DDF8206829210279204600F0D7F8B8
:1071A00000224B21204600F0D2F8206829210279E4
:1071B000204600F0CCF801224B21204600F0C7F811
:1071C0002068292142792046BDE8704000F0BFB810
:1071D0000160897C80F822107047000070B50C4671
:1071E000054600F019F888B9092C0BD00A2C01D0FB
:1071F000002070BD2846FFF7BBFF05492846FFF772
:107200001DFF03E003492846FFF7E2FF012070BDA0
:107210007AA600087CA700082DE9F0411E46144616
:1072200005460B2908D00D290ED00E291ED00F2996
:1072300027D00020BDE8F0811AB12849FFF7FEFEF3
:107240004AE02649491FF9E74AB124490C31FFF7C2
:10725000F5FE286890F8130085F822003CE01F49ED
:10726000491DFFF7EBFE2868807CF5E7FFF71AFF62
:1072700081212846FFF7D2FE21462846FFF7C6FEA9
:1072800027E0FFF70FFF707995F8221001EBC0009F
:10729000C7B240212846FFF7C1FE102040EA17116F
:1072A0002846FFF7BBFE07F00F012846FFF7AEFEAA
:1072B000B07940F0B0012846FFF7A8FE3079326877
:1072C000C006010E2846FFF7B1FE641E14F0FF044D
:1072D000F4D12846FFF792FE0120ABE759A600083B
:1072E0000020704710B54D2919D00CDC2B2918D07F
:1072F00004DC292920D02A290ED114E02D291FD001
:107300004C2909D10BE0002250291DD051291BD056
:10731000522919D0532917D0012180F827100120B4
:1073200010BD00BFFBE700204FF4A07100BF401C60
:1073300080B28842FAD3F2E70120F9F76FFCEEE75A
:107340000520FDF72FF9EAE780F82720E7E730B4BA
:1073500044690023A44630BC60472DE9F04115463E
:107360000E460446FFF70AFE40212046FFF7FFFDC8
:1073700027692B46324617212046B8472046BDE8EC
:10738000F041FFF7ECBD002180F8261070470000A7
:107390000D4810B50068C16841F01001C1600A22B3
:1073A0000A490948FBF794FC074848380068C16857
:1073B00041F01001C16004480122BDE810400449B9
:1073C0004838FBF785BC00000C0A0020DE0B0020CB
:1073D000140000206D6F746F725F7365745F707757
:1073E0006D00344310100134431010014E524632E8
:1073F000344C30315F696E697400FF00E200C600F2
:10740000AA008D007100550038001C00000000002B
:10741000000000000000000000000000000000006C
:10742000000000001C003800550071008D00AA000B
:10743000C600E200FF0000001C003800550071008B
:107440008D00AA00C600E200FF00FF00E200C600B7
:10745000AA008D007100550038001C0000000000DB
:10746000000000000000000000000000000000001C
:10747000000000000000000000000000000000000C
:1074800000000000000000001C00380055007100E2
:107490008D00AA00C600E200FF00FF00E200C60067
:1074A000AA008D007100550038001C0000006D61BD
:1074B000696E00000610160006101600000000009D
:1074C0000000000102030406070809000000000193
:1074D000020304BF00030304040305051012FEFDAC
:1074E0000BFD0BFE01C004400D012005008C142192
:1074F00009B28514074ACC00220843BD15112D019D
:107500002316A7847891602418099922C148C814C9
:107510000946829118002417D77C78C18A24328AC0
:107520005062C4222D42094D2292620C00251FBCDC
:10753000845DC2A084284A1445A29250581413872F
:1075400024C190281812C56292605004261ABC8487
:107550007D7491582416C521730869141A85643402
:10756000E188562A8900270641BD1304280DD474EA
:1075700075A19028A4B7982C18290ED47415C19819
:107580002C26D229244A032A0B55B4562929934C78
:1075900021002B0B778C78E1B45B380D002C08525E
:1075A00075141609002D07249C1587002E063285B8
:1075B00014062F0DB48475996249B1A4580C00309B
:1075C0000DB7845833891ABF49D446003109B585AF
:1075D00058129AFE44320DB7843824514DAAA8DBC4
:1075E000E1103310B7843824514D2A9491A534D238
:1075F00084043411B78498C2B5882C220A89429237
:10760000A354483511B784389652386524994A698D
:10761000A40909003610B7845824118D2A59A9B13C
:1076200095242400370FB784180FC1484C2A942A98
:107630004AD5003811B78438A4118D668991223655
:10764000A61105003910B7845814518DADB222A58A
:10765000914424003A0772851426033B099275145D
:10766000268B04003C0A778CD8C1D1F272003D070A
:10767000379C18F7033E0A778C18E14D8B61003F69
:107680000EB6843714114928538C033501401DBDB3
:10769000849ED6E14836922849482A14918822923D
:1076A00068992849867248EC20024117BA849B7277
:1076B000883C228E8843D1983026B4454551C98CE8
:1076C000004215B9841A3725994826523B092542AC
:1076D0008950223B8C004317BA847B95C850229E68
:1076E000CF2172881C22078923435909004419BB02
:1076F000841C87A0702415892562895822968825C4
:107700005291707288014517B9841A078950228DE9
:10771000885244C1A228284A91468407024616B9D5
:10772000841A078950228D885244C1A228280ACA87
:10773000C554004718BB847C95D050248EC8237252
:10774000901C243C8BA4A2D99014014818BB841C23
:10775000348A542415494552D14124154945529142
:107760005442234909B485171491FE424A0EB78446
:107770007944A95E44129124B4064B17BB841C249F
:107780009230288B8AC292785932150D6533E18484
:10779000544C0EB9841A64B9BE46A411E181004D5F
:1077A00024BD841E54CA74341D45641151441611FD
:1077B0004564115148121285242151481212C554B2
:1077C0004622024E1CBB841CD3C934440C4566A11E
:1077D000902C1413A54D4241527414968C23004FE3
:1077E00012BB847CC5D9482A91F32E918A66C31AAC
:1077F000005012B9841A87906C22940825B2894DE2
:10780000AE990A5119EB6C7CC5D9482A91F3329391
:107810008824A211B10E128527F109005217BB84EA
:107820001C87A06C269409658A5699502654134AE1
:107830006A13005312B9845A94C84C228D482364A9
:10784000E7319152025416BA841B879268A62D28FC
:1078500087C82172881C2287C869005518BB841C00
:10786000C48938240E8943E29038240E8943E29873
:10787000305A035618BA841BB48934248DC982B295
:10788000A02C2A094BC292B81C22045724BD841E86
:1078900014CA44260BC96421992C268948829288EF
:1078A00024288948829288242A13CBC4321900588C
:1078B00017BB841C25CA50268C8AE292F83C220F02
:1078C000498332E184545917BA841BB48934260B96
:1078D000CAA292B0242E87C82172889C065A0FB87B
:1078E000841987E19036D53A230E0F035B09D474CF
:1078F0001526FD27025C0FB68417D170341C0D4786
:10790000C3D170005D09D4741524FD27035E0F7781
:10791000A478E1E830129388621199005F06177429
:107920001707600834C516326100610E7884593437
:107930009158569149442B036213B9841A735D66BA
:10794000234589502294C844111200630E7784584D
:1079500024118D2A8C884414006413B984BA736D81
:10796000139168229408254291683619650E78842F
:107970005934914478A8CB441500660DB68456233B
:10798000896E25A16E24006710B76CB8928A8C2688
:10799000A9844D57A1A4026811B9841A735D6623A6
:1079A00035914C2413C9240C690AA4843522E94872
:1079B0002F046A0CD56A75EA337DA34826006B1143
:1079C000B88419639D262215195122134946036C68
:1079D00009B4841523FD0B016D127E841F93D16CB5
:1079E0003452539229C994642A1C6E1079841A93D4
:1079F000D9484D2413C9443209036F0E7884593491
:107A00009144C82811C948007013A96C1A93D94829
:107A100051229408252395995C4C057113A96C5942
:107A20009490682294082542916836912B13720B2A
:107A30007784179315558D3400730A76843737226F
:107A4000DB0500740FA68456D1A0AC24D414118594
:107A50002600751179841AA3914C2413C9443291DC
:107A6000683619761078831794892C248B49829272
:107A7000A8580677187D831C14CA44260BC96431A4
:107A80004944129444245199582603780F78841954
:107A9000A389484695D26292D1007914A86B1794B5
:107AA000892C248B498292A8581C9404A7007A0838
:107AB00076841737BD1D7B0DD57476A298B6D4A0F9
:107AC0004C312A7C07B1871807027D0FD57416D276
:107AD000A04C311A8B690BC9007E0927A43813CA40
:107AE0000400A005008C14A109B26D15B6C8810070
:107AF000A211977CB83192A4548949429189881681
:107B000004A311B88479C390AE46B1383A941C22CC
:107B10001400A4118894192151C4A422244A442297
:107B20004B4814A515BA841BB48934260BCAA292FB
:107B3000B0246A169BE53400A607B18718A402A7F3
:107B400013D67457238924241152424D116289148B
:107B50001A01A80825C517128A00A919BB849C63BD
:107B6000992C1E0A519244215158244A098DD263FE
:107B7000CA4300AA0B75A41643D124A2B500AB0BCF
:107B8000578C5812BD49641201AC07479418E70C92
:107B9000AD07249C158700AE1BBB849C63992C1EEB
:107BA0008A9022B150483693456291884A281E53E4
:107BB0001E02AF0615C51705B00A44BD36929028BF
:107BC0002201B10B778C78E1D82D1C871DB20A6594
:107BD000AB3593904CA454B30B65AB359390E2480E
:107BE0003201B40934C55612490C00B516A96C1AF5
:107BF00094914C2413C9443291684499C421723140
:107C000000B617B9843A078BA422A9482A228A50C1
:107C1000229408254289EC00B70622A51504B8076E
:107C2000336D353102B90964AC3592911602BA0A46
:107C300075A43613098B645CBB0C578C18129944DD
:107C400026D11300BC1BBB843CC2D84C288B8AA411
:107C5000A2A8491A1A4A22C248482631452500BD21
:107C600018BB843CC2D84C288B8AA4A2A8651A09E8
:107C7000C984B2A04C3156BE1DBC833CC358485584
:107C80001697084392F044240E4D2511692424943C
:107C9000D8A21200BF0FB66C5742756050A62822BA
:107CA000492800C01CFA845B72901C16479443E478
:107CB0001171441C8AC68431A12D2A8A4A6604C1E6
:107CC0001AFA84DB72791C550E9147C41171281A77
:107CD00013C684B6A8282A9911C21CFA84BB71C89D
:107CE0003816479243E41171441C8AC68431A12D91
:107CF0002A8A4A6604C31BEA847B9360648E2687C3
:107D0000C823E28838148D0963425B541495CC086B
:107D1000C41AEA845B8A2239921C228F8823E2509B
:107D200034268C096D5151543223C51BFA849BF2C1
:107D3000505C8E2887C823E28838148D0963425B23
:107D4000541495CC08C61EBF839F076A44288D48EB
:107D50008321516248148E954DD1A028A334121569
:107D6000D60E02C71AEA6C7B95C850229ECF2172AC
:107D7000881C2207892343593D0E8BCF00C81CF96C
:107D8000847A72881C14071E24428934224A110501
:107D90008BA2A028451A111E08C91AF984DACA71E3
:107DA000F04122944823A21451B0280A8A52A41107
:107DB000E18100CA1BF984BAF1692C0E3B48841298
:107DC000694494220A164541518A34223C10CB1A48
:107DD000E9845A6A2239EC20114AA411518A2858A0
:107DE00014054529D288F040CC0CF48517326190F7
:107DF00022D25F08CD0EF5857722511C4292E94FC1
:107E00001400CE0EF58557B1492C4A92E94F140063
:107E1000CF0DE6841722929C26D4DF2800D018BB11
:107E2000841C87A07024158925E2A3442C114BA43F
:107E300022E1E41003D120EB849C9368640E9F4EF2
:107E4000A6216228320B8564A198286D120A92A29D
:107E5000A3B0641C01D217FB847C72981C18472CB9
:107E6000CE4652899C778954341BD600D318FB84A4
:107E7000FC1039440E8923166723A944CEBB442A3B
:107E80009A0D6B00D417FB84BC71D03C16472BCEE7
:107E90004652899C778954341BD600D516EB849CB6
:107EA0009368648E569C8DA41239EF12A96836AC83
:107EB00001D616EB847C22A9488E549C8DA41239DD
:107EC000EF12A96836AC01D70F788C184289484662
:107ED00095D24412A100D81ABB847CA5C86C249505
:107EE0004823C4102D460A52A212A9683609D500AB
:107EF000D91EFB849C72981C18871327E2903824A3
:107F00000E8943E29038240E8963C2680D00DA1EA0
:107F1000FB84FC72881C1247224EC42171481C123B
:107F200087C42171481C12C784D11A00DB1EFB8450
:107F3000BC71D03C16871327E29038240E8943E2A7
:107F40009038240E8963C2680D00DC1DEB847C220E
:107F5000A9480E264EC42171481C1287C4217148BD
:107F60001C12C784D11A00DD1AFA84FBEA71386D3D
:107F7000228DC982B2A8242C89CB2172881C22A709
:107F800001DE13B9841A64F94936114A8412D9C43E
:107F900026175301DF17B88479B4984426918524B5
:107FA0003259482691496412596502E012B8845941
:107FB0007239240EA589C4B28A4C225A19E112B82A
:107FC000849952691C852612CB2A3289686500E2A1
:107FD00012B88479E1A1440EA589C4B28A4C225A10
:107FE00019E312A884599258440EA689C4B28A4C47
:107FF000225A19E412A884396A1239942612CB2A1B
:108000003289686500E512B88479D250540EA68989
:10801000C4B28A4C225A19E6137D845E239A6824DE
:10802000168A0E36B16C26215500E710A76C58242D
:10803000118D2A8C8844C4787004E812B88459726F
:1080400039240EA58924C2435D26AA00E911B8840B
:108050009952691C852692080F7599A802EA12B8F0
:108060008479E1A1440EA58924C2435D26AA00EBD0
:1080700011A884396A1239942692080F7599A802BA
:10808000EC0BB48415326170A41702ED0BB4845567
:1080900012497CA41702EE0CB58455B189EA4C4F05
:1080A0001400EF0CA58415128A74A6270A00F0129A
:1080B000B8841932D99016139654848C12918C047A
:1080C000F114A9847A9260440E9DCC466A229948A4
:1080D00026924918F212B884597239240EA58924BF
:1080E000424689484602F312B8849952691C852693
:1080F0009208192522190900F412B88479E1A144E3
:108100000EA58924424689484602F512A884599250
:1081100058440EA68924424689484602F612A8848D
:10812000396A123994269208192522190900F70D87
:10813000788C786239F010078A6500F813987CD93A
:10814000319A64228A504294904424A38501F917FD
:10815000B9845A72881C1487522832914C2413C94E
:1081600044A2D96400FA14B9849A62711C85452628
:10817000928964229948349B0CFB16B9849AF1A920
:10818000440EA4506422994826928944B3C900FC45
:1081900016A9845A12A1440EA4506422994826922A
:1081A0008944B3C900FD17E86BB7AA712865220B93
:1081B000C96292A0242A160725C12900FE15E96C80
:1081C0001A735D662345895022948C54667231156A
:1081D00000FF18D86B571299440EA24C6421594CD9
:1081E000129444C5E2A024380500000004FFFF00FB
:1081F00000BF00040306060606073A27EAF919F944
:108200001AFA051C0BE0243720060000864B2117C4
:108210004A2682C96A54D52B3256649CCDAD934709
:108220005655545505221B8C62C24F2839983990F7
:10823000A118A218A2181A191A9912999209930052
:10824000233D55368256169A9512169A9512169A0D
:108250009512169A3A38283938A81B12169A1D1208
:10826000169A1D1296923B38283938281312961206
:1082700016129612169A1D1296921D120624461375
:1082800048725696079187103F983BB0AA10A122DA
:108290009119A20992A2099222912591AD10B636A8
:1082A000B7AF373E8895A815A18D2195215243A4DB
:1082B000A44809514944D581DDC1B83C883C883C7B
:1082C000483000254D5A2682DAAA9E39109DA19980
:1082D0001C1AA21B623645443536453437354437BF
:1082E00044434842437A10435C440F37533E731073
:1082F0003B43323AC37086886E88D91411D5D8149E
:1083000011D9D410DD100D21090DE9410C711500B2
:1083100026495A26825AAE073A90AF2127A22EA2AA
:10832000A6A2A6A2AE212FA187388807B90739884F
:108330003A8821A13A08A129A3A1221BA2AA9A291D
:10834000AB192AAB91AAAB98AA3B082B34AC3334B7
:10835000BB3CA03808343A8801270EC562BE487875
:1083600010C162641B1500281C0C386ACB0D9514D3
:108370005C39384847484748D78EAEFF90CBA5A315
:10838000B26100291C0C086A4B8B553A393A3949BD
:10839000C8EF7A47D78E908E70907087A2B1002A6E
:1083A0001C0D53B64F1B1D15935141217130520FB7
:1083B0001221472145323443940A002B2F54358231
:1083C000D5950799079907990791879187910799FB
:1083D000079907193CF841E13CC83CC83C883C8CF3
:1083E0003C8C3CC83CC83C882C002C114813664986
:1083F000F1A4C411A321A2192231002D0AC830AA68
:10840000CA387810012E0C462182C9A8383890A8A5
:10841000002F4817086AD1879A87928792879A8790
:10842000928792879A87928792879A8792879A876C
:10843000928792879A87928792879A8792879A875C
:10844000928792879A87928792879A8792879A07CC
:108450009A8792879A079A87023037543682D634A1
:108460003E9824A2A3AAA223AA23222C292C29AC19
:10847000A8ACA8ACA83C203CA0ACA8ACA8AC282CCC
:10848000292C29A4A92B22ABAAA2A3A93C182E050A
:1084900031184E4682563A183A1834ACEC61650FE2
:1084A0002B7B58D9DDD1C1073233543682D67C605C
:1084B000476436662558345824595F5E6E4E4F5EC9
:1084C0004EBF1E621E621E621E621E641EE2E040FD
:1084D000E6E060E6E040E8E04008003328533682FA
:1084E000D63B883CA81B3293AB922B9A2B2FE7BA32
:1084F000F2F860DC796F246B046BE66CA88C0E0CD0
:108500000F0401342D53368256AFAE363E96A095F9
:1085100028152195A114221CA21B2A9B221BA39A79
:10852000231A243AF807C6F4E4AD6D0F260F46006F
:108530003532544682D63A38883A38883A38883ABA
:10854000388B879187918791878907B23E98BFB70B
:10855000AF87A8EF91249560955C1555D941E54109
:108560002C003636544682563D083DA8A3A2AA1BCD
:108570002A14AA142AAF2FAF31AB38903AAA392B5C
:10858000B12B292C292C292C292C292C2924A22B4C
:10859000AA2AAB293C18B604372A536682563938C2
:1085A00018393818393898383898879087908798CC
:1085B000DF1E421E627E3D39F3EAF2EAF26AEBF216
:1085C00072003837543682567D40585346565447C9
:1085D0004448545654466544774179207C107A408B
:1085E0004772104575537642685159515951496245
:1085F000486247644576507A093935543682D63414
:108600003E18AC29ABAAA223222C292C292C292CD8
:10861000292C292CA93329BB29BA3A9028B329AF90
:108620002F2F922C122C9AAB6277507A100A3A10A4
:10863000892482496A53D41EE7456D8A8A003B1516
:108640004A1666C96A54D51EDF5435329B5B3646DE
:108650004526083C26563582D5078B079A07A9EF91
:10866000B9F3FA7AA07AA07A187B987AA07A187B64
:10867000987AA07A2079B020003D15552296D538F9
:1086800038B03838B0C7F7070716070716003E2678
:10869000561582558A079307AA07AA87B187A907A3
:1086A000AA87B187A907AA07AA2F775EDF7B9079EF
:1086B000A07830003F1F4F5682513A083AA8A131A6
:1086C00099B2903B882B2D65BB53B6A495F598962F
:1086D00092360540515A46825DBE8738282EAB1C23
:1086E0009E931713A31392BA8B919AA112119A9A7F
:1086F00092101A9B9288929B221A1B231A1B239A70
:1087000022239AA292101A8A1093109A9190121111
:108710001A1159146473253455280F390F49187FDD
:10872000400F720C413F5A0682DA879887A387ABC5
:1087300087B287B207BA8739888711A98790A99F1E
:10874000A9172A17AB162B96AB15AC3D38083D3848
:10875000181C2D94AD13AE93AE122F1AB7B83C3837
:10876000983C184237561682D63A383C3810ACB985
:1087700023AB23AB23EB191D591D555D8DE141E959
:10878000012D5125555D59EFAAE8ACE88CEAAACA3B
:108790008C8C6E0E0E880E0EE200433A58468259BB
:1087A0003E983D3888336B39562B552C543C440F3A
:1087B000540F630F530F540F630F630F630F630F57
:1087C000630F630F630F540F640F640F6438787086
:1087D000207A3008443D5C1682DC3A38983D38A84F
:1087E000ADBBAC342C2D2C3533352B2E2B2E2B2E14
:1087F0002BAE32AE2AB62A2E2B2E2BAEB22D2B2E1E
:10880000ABAD2B35B3B433B43BB33B38303C3898C5
:1088100005453D571682D53A38A03A38A02B9C2BF7
:10882000142C14AC07A987A987A9872913AD123D79
:10883000303D302D132D13AD07A987A987A987A92E
:1088400007311CAB14331C3A38283A382802463A10
:10885000571682D43A38A03A38A02B9C2B142C14EB
:10886000AC07A987A987A9872913AD123D303D30F0
:108870002D132D13AD07A987A987A987A907B107CC
:10888000B187383F203E2006473C5846825A3E98E2
:108890003D3888336B49552B552C543C540F530F9E
:1088A000540F530F540F630F637770307770306A33
:1088B000625A635A635955596558565867567870C5
:1088C000107B2009483C5F1682DC3A203AA03A9897
:1088D0003AA0B3BC2C352D356D6ADAB6B4D4B46D7C
:1088E00069E9C1D383A7A5A66D4B4B4DDB96969A3C
:1088F00036352D35ADBCB43BA03A983A203AA002AB
:10890000491C4F1682CD3A183AA0B3ACB42CED6591
:10891000692F4B7B595A6977407430054A39D5071E
:108920006A503D203D203EB7B7AF87A887A887A8EB
:10893000B7AF87A887A887A8B7AF87A887A887A851
:10894000B7AF87A887A887A8371CAA94AA94A21CA7
:10895000223D983D074B445A1682D93A18BA3A1824
:10896000BA339C2C9425942D1BAE9A2E1AAF918766
:10897000A09187A8980739988738988738A027B199
:108980002EB1AE312EB22D3A25B3AC33AC3B33BC55
:1089900039183A1839183A18014C22541682D53A27
:1089A000183D1836AF6F5EDFF3FA9ED7773863381D
:1089B00063387228717050717050014D596216827F
:1089C000DF3A3F883A3F88ABBE3436B53D35952017
:1089D0003D8D289D20942815A1132915A113A115BB
:1089E000A992219DA18A299D21922915A2112A15BA
:1089F0002A89A295A290229DB22A9D2A2B95232BEB
:108A0000959B239D13249D87A8A4B73B883D983A46
:108A1000883D98024E4A5E1682DBB23D883A3D8818
:108A20002BA6B41D3D1D3D153D90149D281C9DB0E9
:108A30001B95A9939531131D2A139D2A1A9D2A1A55
:108A400095AB9195AB111DAC181DAC18153D0815D3
:108A50003D9D351DAE24AE3B88A53B881D044F3996
:108A60005A46825C3E883F30AEAA2CAC2BADAA2D74
:108A70002A2E2A36A9B6B0B628B7283F28AF30AF7D
:108A800030AFB02EB12E31AE31A6AAAD2AAD2B2417
:108A9000AD2A3EA887B8065039571682D53A38080D
:108AA0003C3890AC2A2CAB2BABA32BAB2BAB2B6B5A
:108AB000575647565755585479607A304D0F530FD3
:108AC000530F530F530F520F530F627F407C400CD4
:108AD000514B1D48665C3E888739B0AF2A2E2C2D3D
:108AE000A5ACAD2BAE2BB6AA36B2362A372AB73193
:108AF000B7312F322FB236B23632B63236ABB52B53
:108B0000B52CBCB43A083E38903FA887B3879C8701
:108B100096879E07AE873DA087B201523B571682CB
:108B2000D83A38083C3818ACB22BAB2B6B57565799
:108B30005647575657465746585479607A505B52B5
:108B40005A6359545964585558655657566764586E
:108B5000723076703067532D542682543D883C30F5
:108B6000AB623854285528555F6FFE41F441F441FB
:108B7000F441B8BDB91BC922C99AC1A2AAAA83C32C
:108B8000034900543E585682D838782071F040622C
:108B9000AC4C62AC4E62AC4EB41EA81EA81EA61E03
:108BA000A81EA81EA81EC61EA61EA81EA81EA81E79
:108BB000C61EA61EA81EA81EC61EC6FEA0F88016AB
:108BC00000553B595682DA38183B38283B88B19D0E
:108BD0002A96B29D2A162B162B162B96B29D2A1674
:108BE0002B162B162B96B29D2A162B162B16AB95F1
:108BF000AB95B3942C1C2D1B3EA8BF06563E5A467F
:108C0000825938183D38903CB11EB2162B1E2B9657
:108C1000AB152C1DB4142D1C2D94AD13B61AB61221
:108C20002F92AF99AF9187B09807398887B907BA63
:108C300007B207A387A3879B870057566046825FCA
:108C40003890133C38081BB4309C1CAAA394AA2B60
:108C5000942AB3132BB313AB3A93AB3A932B92A84A
:108C6000122C92A812AC912112A5912112A509A251
:108C7000912511A2912589AA10A690AA1036BB367B
:108C8000BBAE33AF3327AC27A487189D87181507D1
:108C900058425B0682573B10B33A98BAB31C2D9CDE
:108CA000359BAE1AAF92B79107299187398887B261
:108CB00007B387AB07B38792A88711A90791B1972C
:108CC0002A17339EAB1D2C1D2D9CB5BA3B10B23B11
:108CD0001802593B5756825738983B3810BBB01D85
:108CE0003215AB942B143413AD1AAD12AE912E1174
:108CF0003F8887B887B007A987A987A987A907B13F
:108D000007A987A987A907313FA83DA0055A3E5763
:108D10002682573B38983A38A01A349BB313B4874D
:108D2000B087B087B007B187B087B087B087B0078A
:108D3000B187B087B087B007B187B087B087B01C64
:108D4000BA94B21C3A38283A3828025B230E186AC3
:108D50004B3B083B0823A5AC24E5B29294CB4A5286
:108D60002E2B49B9AC24E5B2F220EC200C005C18A3
:108D70000A686A519014D4525097825A0A6A29A8F4
:108D8000A5A02E05B5145D230E086A4B3B083B8851
:108D9000AC2465D99294654B52962D49B9AC24E523
:108DA000B29294EC20EC200C005E2C542592D58ECF
:108DB000078A8799079987A0AF97989E189E1116E2
:108DC0001A1D9A9C9A94DB6C704C546A74667646B1
:108DD0005A64DA7C005F088E107251F801600B470C
:108DE000B1D654289A9A12136130942482563D9831
:108DF0003B309B2A1BAB9A2BA2AB21ACA1ABA9ABFE
:108E00002933293BA99228299AA0A999A83918A9F8
:108E10003990297A437510016236943682D5393EED
:108E2000886F5EDF2BAAA2A39A03999283998A99ED
:108E30009A83A0920AA992331AB39ABA9A3A9A429A
:108E40009A3AA2BAA9B2B1AAB183C2835100631CF3
:108E5000913482D23C3C98AA21229BA11BA9932148
:108E60006E5BDC636742077567006440953682D6A7
:108E70003E883E8887A8AF87A887A887A887A83D8F
:108E8000903C281CB21B2B9BABA2A3A2ABA22B2A0B
:108E900033A2B32933AA3A2A3A08AA99283A1829B8
:108EA0003A90A9BA3908A23A08016526913482D3CA
:108EB0002C3D109BA99A22A22A21A3A12A29AAA16A
:108EC000B139A83A982B6E6C28624573607610050C
:108ED0006624922866CE353D10A499239A2392A346
:108EE00092A36E7A60755058DD3575AFA97B4DDD64
:108EF0006BEAAE01673E551666D53D183CB09B3215
:108F00009B2323ABA22BAA2BA2B329332A3322BB48
:108F1000A93A88293A903199283A18293A90A93AD9
:108F20002AA3AA87288A2D12A5A2A3AB1A3C283D02
:108F3000880568369336825639883D882EEFEB32A5
:108F4000A2A29B9A83989203998A9116332515427F
:108F5000344735563565256625753465356535657F
:108F6000257525750765070169194A3682CB6A455B
:108F7000558FE420E4AA2BAA5E51F5D141C84108DF
:108F8000006A2112E865CD6E4D5D8FA3DBEBAEA9C3
:108F90007B4DDD6BEACEA4E884CA86E866080F4400
:108FA0006D016B319336825539883D086F5DDEABBC
:108FB0009AB29A32A2AAA22AAA1AB21ABA0ACA83E0
:108FC000C98A4292BA9AB29AB2A2AA22233293BA18
:108FD00083BA036C1B8A36824B3908390832AAEAF5
:108FE00051558FAA7A54D523A383908310006D46E0
:108FF0009E3482E138082A2B39323AAA390839904E
:109000002939903898A990A918A9A110A29829A93E
:10901000883AA2393AAAB1B2AA29B3AAA12B2B291C
:10902000ABA3296B53D686AEAC868EAEA4ACEEA0B5
:10903000ACEC20006E2F933482D6B82A39BAA93905
:1090400088293990A91869315372104473546355B3
:10905000635562565247535653565356525752779A
:109060005076106F29933482D4B43D9823AAA22A53
:10907000A22BA92B21AC28AC283CA0AB28AC2824DF
:10908000A92B31A3B1A2B2A13B98B504703F5526DC
:1090900066563988223A88B9AA39102A3918AA9806
:1090A000293A08AAA990AA39AB312BAA2BAAA32244
:1090B00024AAA3AA1B2B9B331A3C283C98AD87A853
:1090C00087A887A8AF87A887A88700713554266628
:1090D000553D983B309BB21AAB9A2BA2AB21ACA169
:1090E00033A9ABA133293BA99228299A28A999A889
:1090F0003918A93990293AAA222BAFEF797D1500AA
:10910000721F913482D1B8A238AA2931AA38AA187C
:1091100009AA183C883CB5ADB52DEEB6B831007340
:1091200025902482D03B083B20A21AA212AA12AAA0
:1091300092AAB53D3DB5B511AB112B192B21AA391A
:10914000283B08037419CC35824D9BA3EBE8E0C1A2
:109150000C5DCFEA7A56D7CEEE20CA08007533935D
:1091600044825638883938903908293329AB29ABDD
:1091700029ABA12BA92B29ABA9B229BA219228A9E5
:1091800099282919A13910A93988A9393A21BB0090
:10919000762794348254B83B302CB12BB1ABA92341
:1091A000AA9BB29AAB9A2B1AAC992C99AD10BE36E9
:1091B000AFA787A087180677389C34825C30143BB1
:1091C000B0932BA99BA32163544546546435466450
:1091D0003447733457224133583141327910522188
:1091E0007A747A645C554D463E473E372F280B789B
:1091F0002792148252B12AB922AAA22A1A2B9A2B98
:1092000091AC9035AE2EBE9C289C291BAA1AAB218E
:10921000ABA1B3A0B3007939570666D4B9B339AC62
:1092200032242B242B1C2C232C9BAC1A2D1A269277
:109230002E99AE183F88BF87B087A1079A879A8773
:10924000928792079A079A07A287A187B887007A20
:1092500023932482533A38083A3888992B1AAB1250
:10926000ABAE36F6EB764276327623070732070747
:1092700032007B1E0C386A4C24B3AAA3EBEF08E93A
:1092800008A9EA48574ED2D5D135ABEB61E51800B5
:109290007C1709286A49DB4C6C67623B13DB99D861
:1092A000CEC47626B619007D1F0C186A4C9BAC24E0
:1092B00064D7ACAE8EAEE1E4E8285DD9201D215D17
:1092C0007F47576546087E19D5219A552A3F88144D
:1092D00091210C91AA1209240A913C08112D02A097
:1092E000060000864BA1164A0666C96A54558F6C63
:1092F000DD32AEBAA2EA9151551500A23C52568217
:10930000D695879087103F083CA0A2109922911112
:109310002A9191A98999210AAC11AC912B922B0A1F
:109320002C0A2C0AAC11AC113409B5880A3A383B26
:1093300018A58788070905A32E54468256363E98FD
:10934000A4212C1AA412AC12ACA7EFF8A0F080B69E
:10935000BEF37A7A88F979888383A88383A083838C
:10936000A883832800A43BD91586D68A07899287CB
:109370009812971B9614B1913D981026A21E1B1EA1
:1093800014961C9D1C9D1C553B383B382C374C4477
:109390007C703A7221392C372E350F21150F1205AA
:1093A000A5385746825638103C3808B4B01DB21C58
:1093B000AB942B942C9BAC9AAD192E193F88BF8788
:1093C000B03EB83CB8AE87293FB03CB8AE87A9875D
:1093D000A907B13F983E9805A61809286A49DB4CB1
:1093E0006C67623B139B871C13DB99D8CEC4360392
:1093F000A745143866563D883C30ABA2AA9B229400
:109400002A94AAAF87303F883E903D981439881B34
:10941000BA9AAB1A24AA23321B3B1A3B90183CA0E1
:109420003D903E08B787A82F92A492241AA4222325
:109430003B303D8804A80DCBA0DAD4983988398810
:109440009900A9495A46825DBD8738282EAB1C9EDB
:109450001B9F9A3352754022234525241245261519
:1094600021354E344F340F31340F31340F31344FF6
:10947000342F11441E2244152623733025347426BC
:10948000353E373C59567C500F7209AA228F43AEA5
:10949000503B103A18A2614433454254325442546E
:1094A00042634222417242725162723174AB27119F
:1094B0003486520C0B1C1A1B1A1BA2A2A1A2A1A239
:1094C000A1A2A12A29A3A1A321A3A1A3A11B9A1B05
:1094D0001A0C0B02AC1854329655F8837A90791016
:1094E000791879907990799079101100AD0AC83087
:1094F000AACA38781001AE2B4F64A2D62A3C905AE3
:1095000033282272417341A36446C98CCD4CD14C9F
:1095100088D088C888448D88C4A0CCD4D4816015F4
:1095200000AF098BA0DE54F82000B00E8671CEC9C2
:1095300018A9108910391901B12F561582559E07A7
:109540009287928792079A079A079A3D3828393866
:10955000B095079A079A079287928792079AC78BC6
:1095600083039383031300B21ACCB3A84DB29219AC
:109570008A9A899A1C9C141C940C4D2A793072305A
:1095800002B318CBB3A8CD399299091A5C28276683
:1095900048B885D484D0C81100B40C49C1D654AAA7
:1095A00021229A1A03B54115266A57398839083994
:1095B0003A082A332AAB2AABA22BAA2BAA2B2AAB16
:1095C000AAB22233AA3A2A92282A39903A98A83A7B
:1095D00010293A90A90839883908A987A887A8AF1F
:1095E00087A887A88700B64CCF676AD6392839B0D4
:1095F00038080A39088A389091389091380892389A
:10960000089238088AB991B9112A121B92130A14C8
:109610000A94110C120C92130A140A941194110C4E
:1096200092130A140A941194110C120C92130A94B6
:109630001103B70B05A1A2D5A03888A000B80D066C
:109640006266D451433433737001B910C8A3A84D76
:10965000B15A34B52BA91D911C04BA218F43AED049
:10966000B33B909AA9992219A320A3203B889B2061
:10967000A3201B299AA9993A10AC03BB2711248671
:10968000520A0B1C9A1B9AA3A1A321A3A1A3212BCD
:10969000A9A2A1A2A1A2A1A2A1221A1B1A1B1A0C63
:1096A0000B04BC475C66825CB187A09A9F1B9F1B22
:1096B000A79B261CA61C1E9D9D955D3A3C39B57046
:1096C0008A6A6E2A428A6C2A62E620662A647A2AAC
:1096D00066784A46784A48764AE9D4411DD5411908
:1096E000B5E4B8E0F818F50D00BD435C66825CB1E6
:1096F00087A09A9F1B9F1BA79B261CA61C1E9D9D97
:10970000955D3A3C79203758333637113544361257
:1097100035721033393C393C2A3C393C293D194ECD
:10972000184E183F283E783045793004BE4A5C66B2
:1097300082DC39A791199E0A9A5D4A3B492C492B34
:109740003B69394D373F360F31B572688A446A66D6
:109750002A424668662A62E6682A647A2A66784A55
:1097600046784A48764AE9D4411DD54119B5E4B84E
:10977000E0F818F50D00BF224F1666516D4A5A8F5A
:109780006965292D29ADB0EC5A52D276077112566F
:109790002346330745074100C0491A08825AAF07DC
:1097A0009C879C87940795C7F53C1C3D5C3D943D88
:1097B000943DD03DCC413C8C483D844CFD4CBD504B
:1097C000B958B558B15CAD60EDC141E8C1C1E068C0
:1097D000A16C9D709D749578D1B8C5E5C1C1E4C1F7
:1097E00000C14A1A0882DA07AA87A207A3079B8743
:1097F0009BC78B79387AB87A287B287BA07B9883A3
:109800007818917A0899FA997AA172B16AB162B915
:109810005AC1DA8383D08383C1D142D93AE13AE98C
:109820002AF1A2718BCB8383C98301C24D1A0882AE
:10983000DA07A987B2073A88079999871893C7E981
:109840003C1C3D5C3D943D943DD03DCC413C8C481E
:109850003D844CFD4CBD50B958B558B15CAD60ED80
:10986000C141E8C1C1E068A16C9D709D749578D13B
:10987000B8C5E5C1C1E4C100C349DA0782DA27925D
:109880003F9887389817A2C7ED3C1C3D5C3D943D3E
:10989000943DD03DCC413C8C483D844CFD4CBD506A
:1098A000B958B558B15CAD60EDC141E8C1C1E068DF
:1098B000A16C9D709D749578D1B8C5E5C1C1E4C116
:1098C00000C4469A07825A9FA1A7A1A799C7ED3C59
:1098D0001C3D5C3D943D943DD03DCC413C8C483D8D
:1098E000844CFD4CBD50B958B558B15CAD60EDC16C
:1098F00041E8C1C1E068A16C9D709D749578D1B8B4
:10990000C5E5C1C1E4C100C54D1A0882DA079987CF
:109910009390078B89079390879BC7F93C1C3D5C0C
:109920003D943D943DD03DCC413C8C483D844CFD24
:109930004CBD50B958B558B15CAD60EDC141E8C1FE
:10994000C1E068A16C9D709D749578D1B8C5E5C1E2
:10995000C1E4C100C65B630682E1073A3890073A6A
:10996000389087319C073994079128948798A88765
:1099700015A90715A90795A9879C299387102A93EC
:10998000973A30973AB8162B9B162B9396AB873A9B
:109990003888073A38880792AC0792AC87112D1C9B
:1099A000932D9C1AB51BB23B3820323B382802C796
:1099B00047184866593E983D3888336B39562B55C1
:1099C0002C543C440F540F630F530F540F630F6319
:1099D0000F630F630F630F630F630F540F640F6404
:1099E0000F64387870207A302F0F460F370F360FFC
:1099F000360F630F530EC848171882D5AD879A07E4
:109A00009B07938793C7F6E080EAE080AE70AE5084
:109A1000B050B01EA41EA61EA61EA64CB44AF4C08A
:109A2000F4C0B44CB44CB41EA41EA61EA61EA61EA2
:109A3000C470AC52CC70E8E0A0E8E0A00800C949CE
:109A4000171882D587A807A187A18799079AC7FC0D
:109A5000E080EAE080AE70AE50B050B01EA41EA60A
:109A60001EA61EA64CB44AF4C0F4C0B44CB44CB408
:109A70001EA41EA61EA61EA61EC470AC52CC70E864
:109A8000E0A0E8E0A00800CA49171882D5AE07B1E7
:109A90008738089F991E93C7F2E080EAE080AE7095
:109AA000AE50B050B01EA41EA61EA61EA64CB44AB0
:109AB000F4C0F4C0B44CB44CB41EA41EA61EA61E22
:109AC000A61EC470AC52CC70E8E0A0E8E0A008008C
:109AD000CB45971782D59D21A621A699C7F2E08094
:109AE000EAE080AE70AE50B050B01EA41EA61EA616
:109AF0001EA64CB44AF4C0F4C0B44CB44CB41EA47A
:109B00001EA61EA61EA61EC470AC52CC70E8E0A015
:109B1000E8E0A00800CC230F18824D2B9E9E1697DC
:109B2000477730744067596959DACBD25E96F6B2FE
:109B3000B4D2EE80E8600A00CD23101882CD2DA5A6
:109B4000A51D9E477D307540685A6A5ADBD3DA9E60
:109B5000D6F6B4B6D4F080EA600C00CE2610188297
:109B6000CD2CB53C889B191B934777307540685ABC
:109B70006A5ADBD3DA9ED6F6B4B6D4F080EA600C2B
:109B800000CF249017824D9BA1A2A1A299477830C3
:109B90007540685A6A5ADBD3DA9ED6F6B4B6D4F06A
:109BA00080EA600C00D03F5C1682DC3A38983D3881
:109BB000A8ADBBAC342C2D2C3533352B2E2B2E2BB6
:109BC000AE322E39B82B3938B32A2E2BAE32AEB284
:109BD0002D2B2EABAD2B35B3B433B43BB33B383068
:109BE0003C389805D157DE17825B2792073A988751
:109BF0003A980712A2C7B5ED41D4E9415C31A5ED11
:109C0000E8E9E8A9E881A4E844E1E884DDA84C9DFE
:109C1000AC8C99E85099E854D1E854D1A85C8DAC4B
:109C20005C8DE860C5E860C5A8E841A8E8E9ACE952
:109C3000702571DD412CDD41EC2000D2441A4882B0
:109C40005CAE079C879C87940795C7ED41FC8171AA
:109C50005565615D69556D517151B149B585B54520
:109C6000B945F94179857985798575897589718DC8
:109C700031556D55695D216955F1413DC43500D3BC
:109C8000451A4882DC07A987A207A3079B879BC7C1
:109C9000F941FC81715565615D69556D517151B135
:109CA00049B585B545B945F9417985798579857590
:109CB000897589718D31556D55695D216955F14100
:109CC0003DC43500D4471A48825CAF87B2073A8852
:109CD000079999871893C7E541FC81715565615DC6
:109CE00069556D517151B149B585B545B945F941D0
:109CF00079857985798575897589718D31556D5528
:109D0000695D216955F1413DC43500D544DA47828A
:109D10005C26923F9887389817A2C7E941FC817169
:109D20005565615D69556D517151B149B585B5454F
:109D3000B945F94179857985798575897589718DF7
:109D400031556D55695D216955F1413DC43500D6E8
:109D5000419A4782DC9DA1A7A1A799C7E941FC814F
:109D6000715565615D69556D517151B149B585B5E3
:109D700045B945F9417985798579857589758971FF
:109D80008D31556D55695D216955F1413DC43500F1
:109D9000D730571582D58A0F1A1F1A1E1B9D239C78
:109DA0001CA31DA21E21BF07A9079A07AA073927CE
:109DB00099269A259B1CA41B1D1B1E1A1F8A8F0205
:109DC000D8495E26825C3F889A3D3099AD3A082D8D
:109DD000346D595B587B5779205639526538625536
:109DE00038635537E46CCAC86AACCA66B0CA64D076
:109DF000CA62B2EC40B2EE20B4D0B4B2B4B6B0F69F
:109E0000AA58E4C076EA201C00D946195882DAAC78
:109E1000879B079C07948794C7FE60ECE0A0EC202A
:109E2000C676AA58CA76AA58AC58AC58AC58CA7666
:109E3000AA58AC58AC58AC58CA76AA58AC58AC58CA
:109E4000AC56AE56CE52B270B46CF8A0FE1A00DA20
:109E500046195882DAAF07A287A2879A079BC7C91B
:109E6000C1D8C141D9418CED54B194ED54B158B130
:109E700058B158B194ED54B158B158B158B194EDAE
:109E800054B158B158B158AD5CAD9CA564E168D9E6
:109E9000F041FD3500DB481958825AAE07B28739C8
:109EA000888798991F93C7F860ECE0A0EC20C676ED
:109EB000AA58CA76AA58AC58AC58AC58CA76AA5810
:109EC000AC58AC58AC58CA76AA58AC58AC58AC563A
:109ED000AE56CE52B270B46CF8A0FE1A00DC4399B4
:109EE0005782DA9C21A721A799C7FA60ECE0A0EC81
:109EF00020C676AA58CA76AA58AC58AC58AC58CAEC
:109F000076AA58AC58AC58AC58CA76AA58AC58ACDB
:109F100058AC56AE56CE52B270B46CF8A0FE1A00D1
:109F2000DD46175882D7AE07A187A18799079AC740
:109F3000F860EEE040ECC276C854AC52AE50D04C63
:109F4000B46AB44AB846BA44FC201EE21EC21EA43B
:109F50001EA61EA61EA61EC41EA41EA61EA61EC4A7
:109F6000FCA0F6801600DE34561682D53A183E184C
:109F7000B787A807A90739A83C38882BB2AB326B42
:109F800055575557555755D655598F0A0F2C0F48C9
:109F9000EB41EA21CC0F680F8601DF4D952866D68C
:109FA000B53E18A529A4A2ABA2ABA2AB9AAB1AAC42
:109FB000922C12AD912D192D212DA92C31ACB12B44
:109FC000B22A33AA2B2AACA9A4A924A99122A99127
:109FD0009A2919A2293918AAB9AA87A887A887A8EF
:109FE00087A8AF87A88700E03B54268256AD079923
:109FF000879987910792C7F060EEC06CAA6CAC6A33
:10A00000AE88AE86B086AEA6AEA6CCA4ECA44AA21C
:10A01000A46882A666A2E660A4E640A6E80DD54143
:10A020000400E138542682D62FA7A79F8798C7F649
:10A0300060EEC06CAA6CAC6AAE88AE86B086AEA686
:10A04000AEA6CCA4ECA44AA2A46882A666A2E6604E
:10A05000A4E640A6E80DD5410400E23A5426825613
:10A060002EB73E889D191D93C7EC60EEC06CAA6C9C
:10A07000AC6AAE88AE86B086AEA6AEA6CCA4ECA482
:10A080004AA2A46882A666A2E660A4E640A6E80DFD
:10A09000D5410400E33A1426825625923C183D9897
:10A0A00014A2C7EE60EEC06CAA6CAC6AAE88AE8635
:10A0B000B086AEA6AEA6CCA4ECA44AA2A46882A6A2
:10A0C00066A2E660A4E640A6E80DD5410400E438A7
:10A0D000D42582D69CA1A4A1A499C7EE60EEC06C41
:10A0E000AA6CAC6AAE88AE86B086AEA6AEA6CCA48C
:10A0F000ECA44AA2A46882A666A2E660A4E640A6F2
:10A10000E80DD5410400E53B542682D69E87501FBA
:10A11000132F210F318FE5C1DC81D954D958D55C7B
:10A12000115D0D610D5D4D5D4D9949D949954449CC
:10A13000D1044DCD44CDC148CD814CD11BAA83085B
:10A1400000E63D9D2482DF3C20A93C783774105303
:10A15000356654345755435755524746434836534E
:10A16000573554664354765056665C25415C2452FC
:10A170005B23537940D5E2EEA088F4200A00E72261
:10A18000513666D23C3C98AA21229BA11BA993215F
:10A190006E5BDC6367420775A7E2F4E36B6D4B010E
:10A1A000E82E513682532C9F9F978790475F7A20E5
:10A1B00036533545445542464355525443637350D4
:10A1C000753057DCD850C48AE6C0EC200A00E92C70
:10A1D000523682D32EA6A61E9FC7ACF6406EA66C42
:10A1E0008A550D1911554D51118DD141D9C1607547
:10A1F0006B43192BA203BB833000EA3051368253E4
:10A20000AD353D089C991B93475D7A203653354503
:10A21000445542464355525443637350753057DC9E
:10A22000D850C48AE6C0EC200A00EB2ED13582D388
:10A230009B21A321A399475E7A2036533545445587
:10A2400042464355525443637350753057DCD850DF
:10A25000C48AE6C0EC200A00EC1C4B36824B2A9CD8
:10A260009C1495073C8839882AEB8CAC6764BD3A0E
:10A2700088398801ED1C4E3682CB2CA4A41C9D4746
:10A280007510761058D925652F297B781076100621
:10A29000EE1E4D36824BAB333B089A59260F7C108D
:10A2A000751057D821610F097B7710751005EF1DC8
:10A2B000CD3582CB9921A121A199873E883A882B5F
:10A2C000EC90B08784BD3B883A8802F038D2368261
:10A2D000D58788329A3A20BD363E24290C2AAF3CD5
:10A2E000903BA0A231A2AA212B212421A428A4A022
:10A2F0003C103C18A428A4A8233123B122B2213B4E
:10A30000183504F139133682D624123C983C1814BF
:10A31000A2477B5572745373105372205331D2622B
:10A32000A6E42088E6A8C6AAC6AAC4ACA48EA6AC99
:10A33000A6ACA6ACA4AEA4EEA0EC2000F23453363A
:10A3400082D4AC8798079907918791C7CAF6608E27
:10A35000A88AAA88AEA4AE84B0A2B0A2F080AEA2B1
:10A36000B0A290A4AEC48CC68ACA86EE60D6120093
:10A37000F33053368254AF26279F9FC7D0F6608EA6
:10A38000A88AAA88AEA4AE84B0A2B0A2F080AEA281
:10A39000B0A290A4AEC48CC68ACA86EE60D6120063
:10A3A000F433533682D4AD363E089D991C93C7C60C
:10A3B000F6608EA88AAA88AEA4AE84B0A2B0A2F03D
:10A3C00080AEA2B0A290A4AEC48CC68ACA86EE604B
:10A3D000D61200F533133682D424123C983C18145C
:10A3E000A2C7C8F6608EA88AAA88AEA4AE84B0A21E
:10A3F000B0A2F080AEA2B0A290A4AEC48CC68ACAAD
:10A4000086EE60D61200F631D33582549C21A42109
:10A41000A499C7C8F6608EA88AAA88AEA4AE84B0F4
:10A42000A2B0A2F080AEA2B0A290A4AEC48CC68AA4
:10A43000CA86EE60D61200F71C94348255A5879820
:10A4400087A087A0C7E3831FD4E3313D043DC43C0C
:10A45000042900F82F961482543D193CA8A42924FD
:10A46000EB8CCCAAEAA868A2A866A4A864A6A84215
:10A470008AE820AAE88CCA8CAE6CD086F2A070C4A0
:10A480001600F93D534682D6AC8798079907918705
:10A4900091477B1073702073105266525653565377
:10A4A00056435752575256536553744324515233AF
:10A4B000515232427320527310537374427601FA30
:10A4C0003953468256AF26279F9F477E10737020D0
:10A4D000731052665256535653564357525752565C
:10A4E00053655374432451523351523242732052B4
:10A4F0007310537374427601FB3C534682D6AD36DB
:10A500003E089D991C934779107370207310526612
:10A5100052565356535643575257525653655374D7
:10A5200043245152335152324273205273105373A9
:10A5300074427601FC3AD34582569C21A421A49909
:10A54000477A107370207310526652565356535602
:10A550004357525752565365537443245152335103
:10A560005232427320527310537374427601FD4588
:10A57000170866D407A907A187A18799079AC7F684
:10A58000CEE6B0CA90AC90AC70B08CB06CB26AB48D
:10A59000689848BA64BA62FC20FE1EC21E861E6815
:10A5A0001E6A1E4A1E4A1E681E681E881E861EE2FD
:10A5B0001E0200FE49D52766D63988BE87A887A81F
:10A5C00087A887A887A8222BBAAA39102A3918AADF
:10A5D00098293A08AAA990AA39AB312B322BAA2381
:10A5E0002A24AAA3AA1B2B9B331A3C283C98AD878C
:10A5F000A887A887A8AF87A887A88700FF419707E3
:10A6000066D49D21A621A699C7EECEE6B0CA90AC2D
:10A6100090AC70B08CB06CB26AB4689848BA64BA46
:10A6200062FC20FE1EC21E861E681E6A1E4A1E4A4C
:10A630001E681E681E881E861EE21E0200000000A4
:10A6400004FFFF0000000000876E00088B6E00080A
:10A65000AB6900081815AF19FF1815AE19FF1815CA
:10A66000A115C819FF1815A015C019FF1815A115B7
:10A67000C019FF1815A015C819FF1815AE15D51665
:10A680008015A8163F15D316001540158D16141504
:10A6900020160015A115C815DA1612158116CF154A
:10A6A000D916F115DB1640152E15A415A619FF189D
:10A6B00015AE15D5168015A8163F15D316001540F2
:10A6C000158D16141520160015A115C815DA1612C9
:10A6D000158116EF15D916A115DB1600152E15A438
:10A6E00015A619FF1815AE15D5168015A8163F1515
:10A6F000D316001540158D16141520160015A1153A
:10A70000C815DA1602158116CF15D916F115DB1604
:10A7100040152E15A415A619FF1815AE15A415D5AC
:10A72000165015A8163F15D31600154015AD168BFB
:10A7300015D9162215DB16351532158116FF15A60B
:10A7400015DA161219FF1815AE15D5168015A816AC
:10A750003F15D316001540158D161415201600153B
:10A76000A115C015DA1612158116CF15D916F115D7
:10A77000DB1640152E15A415A619FF000001140ABA
:10A780006464323200127A00000428961008000037
:10A79000800040000001140A6464323200093D0068
:10A7A000000428961008020280004000CCA7000890
:10A7B000000000203C000000F04C000808A8000841
:10A7C0003C000020AC170000004D00080000000015
:10A7D00000000000E803000000000000010000008D
:10A7E0000000000001000000100000000000000058
:10A7F0000024F40000000000000000000000000041
:08A80000000000000000000050
:040000050800018965
:00000001FF
